label,x1,y1,z1,x2,y2,z2,x3,y3,z3,x4,y4,z4,x5,y5,z5,x6,y6,z6,x7,y7,z7,x8,y8,z8,x9,y9,z9,x10,y10,z10,x11,y11,z11,x12,y12,z12,x13,y13,z13,x14,y14,z14,x15,y15,z15,x16,y16,z16,x17,y17,z17,x18,y18,z18,x19,y19,z19,x20,y20,z20,x21,y21,z21
hello,0.09933729469776154,0.8163888454437256,4.772727493218554e-07,0.1914043426513672,0.7857890725135803,-0.042609237134456635,0.275760680437088,0.6971234679222107,-0.04872618615627289,0.33657729625701904,0.6186002492904663,-0.05024345964193344,0.38643792271614075,0.5684061050415039,-0.05142620950937271,0.23318687081336975,0.5346459150314331,-0.01771690510213375,0.2747633457183838,0.42545652389526367,-0.02724306471645832,0.29378172755241394,0.3542547821998596,-0.04012485221028328,0.3070926368236542,0.29022127389907837,-0.05363921821117401,0.17966653406620026,0.5010743141174316,-0.014058380387723446,0.20172226428985596,0.36822253465652466,-0.021250061690807343,0.21513773500919342,0.28547966480255127,-0.039326585829257965,0.22262334823608398,0.21392685174942017,-0.055989354848861694,0.12494849413633347,0.5013768672943115,-0.016384068876504898,0.13342346251010895,0.3733600378036499,-0.03201823681592941,0.1436505913734436,0.29517483711242676,-0.05489145591855049,0.15355700254440308,0.22115197777748108,-0.07350986450910568,0.0688210129737854,0.5287246108055115,-0.022961653769016266,0.05621720850467682,0.43432533740997314,-0.04564961791038513,0.04931928217411041,0.3726862072944641,-0.06246820092201233,0.049965694546699524,0.310931533575058,-0.07490536570549011
hello,0.29861998558044434,0.721213698387146,-3.81455606657255e-07,0.35452139377593994,0.5520249009132385,0.004991302266716957,0.4237125813961029,0.42307570576667786,-0.02018636278808117,0.47758030891418457,0.30538803339004517,-0.04735180363059044,0.4911033809185028,0.1985575258731842,-0.07049498707056046,0.563387930393219,0.48038819432258606,-0.044399432837963104,0.6618751287460327,0.5338837504386902,-0.04002516344189644,0.6165770292282104,0.5642774105072021,-0.02466644160449505,0.5735750198364258,0.5586944222450256,-0.01475190557539463,0.5754209756851196,0.5831642150878906,-0.05717623606324196,0.664431631565094,0.6314542889595032,-0.031887270510196686,0.6205837726593018,0.6497944593429565,-0.009220577776432037,0.5745469927787781,0.6420155763626099,-0.003939254675060511,0.5712937116622925,0.686004638671875,-0.06536434590816498,0.6435666084289551,0.7110071778297424,-0.03060527890920639,0.6027970314025879,0.7275568246841431,-0.00826824177056551,0.5555133819580078,0.7191318869590759,-0.009520834311842918,0.5568357706069946,0.7809463143348694,-0.07454003393650055,0.599058210849762,0.7846983075141907,-0.04795835539698601,0.5630311965942383,0.7919343113899231,-0.028062883764505386,0.5259469747543335,0.7867748737335205,-0.021285613998770714
hello,0.4114532470703125,0.4334038496017456,-9.405412271235036e-08,0.44187894463539124,0.532344400882721,-0.02338480018079281,0.48959219455718994,0.6173372864723206,-0.03450175002217293,0.5314417481422424,0.6916210055351257,-0.04718537628650665,0.558215320110321,0.7513821721076965,-0.05731165409088135,0.5760542750358582,0.5498068928718567,-0.007838577032089233,0.6360997557640076,0.5493121147155762,-0.0384647361934185,0.597560465335846,0.548599898815155,-0.05909810960292816,0.563091516494751,0.5436514616012573,-0.06953178346157074,0.580322265625,0.49199843406677246,-0.011420384049415588,0.6494349241256714,0.4852888584136963,-0.04389357566833496,0.5984720587730408,0.4954356551170349,-0.05997171998023987,0.5608878135681152,0.49869340658187866,-0.06692591309547424,0.5737987160682678,0.43757933378219604,-0.020462581887841225,0.6410748958587646,0.42471933364868164,-0.05214814469218254,0.5910492539405823,0.4419698417186737,-0.0549565851688385,0.5519968867301941,0.45268499851226807,-0.051069777458906174,0.5605245232582092,0.38305824995040894,-0.03212446719408035,0.6107491254806519,0.36625364422798157,-0.05371103063225746,0.5817552804946899,0.38808131217956543,-0.05495166778564453,0.5520459413528442,0.40826818346977234,-0.052237313240766525
hello,0.212445467710495,0.7747693061828613,4.952057111040631e-07,0.31794044375419617,0.7636479139328003,-0.047532882541418076,0.41939279437065125,0.6806705594062805,-0.05563561990857124,0.4933011531829834,0.6116917729377747,-0.059175387024879456,0.5506001114845276,0.5703598856925964,-0.06303787976503372,0.39242997765541077,0.48007965087890625,-0.03268050402402878,0.4560510516166687,0.3637974262237549,-0.050945598632097244,0.491779625415802,0.2870756983757019,-0.0694490596652031,0.5200410485267639,0.2159537672996521,-0.08727948367595673,0.33662617206573486,0.4320979416370392,-0.03203112632036209,0.3796318769454956,0.2809222936630249,-0.04948687180876732,0.40661054849624634,0.18439680337905884,-0.07426818460226059,0.42444226145744324,0.10096293687820435,-0.09564027935266495,0.2738133668899536,0.424393892288208,-0.03741338104009628,0.2972709536552429,0.2764553129673004,-0.06329245865345001,0.31835538148880005,0.1824468970298767,-0.09333731979131699,0.3368055820465088,0.0978248119354248,-0.11646270006895065,0.20653150975704193,0.4486554265022278,-0.047151464968919754,0.2022390365600586,0.3343102037906647,-0.08004767447710037,0.20242808759212494,0.25671976804733276,-0.10311513394117355,0.20971563458442688,0.1831148862838745,-0.11949171125888824
hello,0.1784617006778717,0.8853997588157654,4.8147842335311e-07,0.2664179503917694,0.8462305068969727,-0.027988329529762268,0.334902822971344,0.7175285816192627,-0.034971240907907486,0.3177071809768677,0.5957522988319397,-0.044817160815000534,0.2627776265144348,0.5237551927566528,-0.0546862855553627,0.3325066566467285,0.5623729228973389,-0.008774266578257084,0.3802332282066345,0.4301881790161133,-0.029303550720214844,0.40513476729393005,0.34131163358688354,-0.04380125179886818,0.42276322841644287,0.2638448476791382,-0.05512944981455803,0.27092286944389343,0.5409426093101501,-0.020287269726395607,0.29424965381622314,0.37887465953826904,-0.05286742001771927,0.3161439001560211,0.2762341797351837,-0.07958577573299408,0.3267132341861725,0.1843208372592926,-0.09411808848381042,0.20682445168495178,0.5546129941940308,-0.035525716841220856,0.2283552885055542,0.4782260060310364,-0.09497684240341187,0.25538575649261475,0.5822395086288452,-0.11600343137979507,0.2638983726501465,0.660227358341217,-0.11293936520814896,0.14471609890460968,0.5882450938224792,-0.051375649869441986,0.1788174957036972,0.533578097820282,-0.10121951252222061,0.20446377992630005,0.6118111610412598,-0.10907997936010361,0.2142602503299713,0.6808930039405823,-0.10386189818382263
hello,0.14121517539024353,0.7780677080154419,4.6258327301984536e-07,0.2324909120798111,0.7548490166664124,-0.03962342441082001,0.3161892592906952,0.6746070384979248,-0.04554338380694389,0.3786732852458954,0.6066117286682129,-0.047424279153347015,0.42907506227493286,0.5640065670013428,-0.048947785049676895,0.2749827802181244,0.5111414790153503,-0.01650041900575161,0.3168817162513733,0.403875470161438,-0.02654317207634449,0.3370671570301056,0.335815966129303,-0.03920523449778557,0.35136663913726807,0.27638256549835205,-0.051875364035367966,0.22369779646396637,0.47757524251937866,-0.013422820717096329,0.2486911416053772,0.3480612635612488,-0.020730307325720787,0.2645522952079773,0.26863205432891846,-0.03787878900766373,0.27452725172042847,0.20234209299087524,-0.05352010950446129,0.17125636339187622,0.4760187864303589,-0.01600826345384121,0.18556129932403564,0.35190537571907043,-0.031146936118602753,0.19829052686691284,0.2771621346473694,-0.052550505846738815,0.20960749685764313,0.21031376719474792,-0.06968114525079727,0.1172955185174942,0.5003640055656433,-0.022543031722307205,0.10764734447002411,0.40709924697875977,-0.04439189285039902,0.10238330066204071,0.3467063903808594,-0.05993473157286644,0.10387662053108215,0.2892846167087555,-0.0710536539554596
hello,0.2898072302341461,0.726963222026825,3.6921275636814244e-07,0.3944860100746155,0.7107256650924683,-0.03884803503751755,0.48359525203704834,0.6365056037902832,-0.04546618461608887,0.5496501326560974,0.5626040101051331,-0.049852367490530014,0.6023405194282532,0.5064767599105835,-0.05468128249049187,0.46608594059944153,0.46372994780540466,-0.014818149618804455,0.522240936756134,0.3610314428806305,-0.033313725143671036,0.552099347114563,0.2967063784599304,-0.05256478488445282,0.5774042010307312,0.23615938425064087,-0.06973766535520554,0.42093104124069214,0.4241592288017273,-0.016907716169953346,0.46371591091156006,0.2893715798854828,-0.03382330387830734,0.49088937044143677,0.20733442902565002,-0.05845268443226814,0.5133338570594788,0.1355127990245819,-0.0793084129691124,0.36643078923225403,0.41646093130111694,-0.025288429111242294,0.39594683051109314,0.28870826959609985,-0.050438232719898224,0.4183231592178345,0.20865526795387268,-0.07775265723466873,0.44079774618148804,0.13755816221237183,-0.0980672538280487,0.30490219593048096,0.43435949087142944,-0.03738107159733772,0.30567166209220886,0.33259010314941406,-0.06701850146055222,0.3110291361808777,0.2663877606391907,-0.08673050999641418,0.32266610860824585,0.20500317215919495,-0.10047442466020584
hello,0.1497972160577774,0.7277281284332275,4.0143726209862507e-07,0.2474752962589264,0.6924061179161072,-0.0414854995906353,0.32969197630882263,0.5973554253578186,-0.045881882309913635,0.38582825660705566,0.5074172019958496,-0.046739012002944946,0.43185919523239136,0.44420021772384644,-0.04708809778094292,0.2902526259422302,0.4341256022453308,-0.010355057194828987,0.33192017674446106,0.320041686296463,-0.023133564740419388,0.35041454434394836,0.24754469096660614,-0.03840406611561775,0.36363697052001953,0.18226996064186096,-0.052769146859645844,0.23787301778793335,0.40195178985595703,-0.007459126878529787,0.2620440423488617,0.26515066623687744,-0.017939351499080658,0.2761584520339966,0.18007802963256836,-0.03743612393736839,0.285257488489151,0.10616090893745422,-0.054316114634275436,0.18337351083755493,0.40242159366607666,-0.011423587799072266,0.194982647895813,0.27000701427459717,-0.02999967895448208,0.20662245154380798,0.19070202112197876,-0.05324091762304306,0.2183365374803543,0.11748009920120239,-0.07107555121183395,0.1261972337961197,0.42892616987228394,-0.019790304824709892,0.11439052224159241,0.3305126428604126,-0.044286955147981644,0.10851305723190308,0.26700395345687866,-0.06178920716047287,0.11013512313365936,0.20557746291160583,-0.07404299825429916
hello,0.3942602276802063,0.9201682806015015,4.326250007125054e-07,0.5175933241844177,0.8854544162750244,-0.05953216552734375,0.6330785751342773,0.7822381854057312,-0.07828113436698914,0.7163726091384888,0.6897525191307068,-0.0930207297205925,0.7851274609565735,0.6146977543830872,-0.10858532786369324,0.5981571674346924,0.549501895904541,-0.047397345304489136,0.658596932888031,0.3981834053993225,-0.08182137459516525,0.6924422383308411,0.3029317855834961,-0.11129112541675568,0.7204302549362183,0.21677789092063904,-0.1363854706287384,0.5325299501419067,0.5060410499572754,-0.051197607070207596,0.5715203881263733,0.31882455945014954,-0.08286317437887192,0.5991593599319458,0.20374426245689392,-0.11607885360717773,0.6213708519935608,0.10508158802986145,-0.14386995136737823,0.4584735035896301,0.5087549686431885,-0.06337699294090271,0.48584794998168945,0.33103257417678833,-0.10441157221794128,0.5097006559371948,0.2211303412914276,-0.14057426154613495,0.5348546504974365,0.12236115336418152,-0.16750463843345642,0.3794352114200592,0.5488784313201904,-0.08104360103607178,0.3684212863445282,0.41609883308410645,-0.12798810005187988,0.3665941655635834,0.32619544863700867,-0.15700282156467438,0.37404799461364746,0.239495187997818,-0.17695926129817963
hello,0.19186659157276154,0.8063603639602661,4.3003046812373213e-07,0.28199368715286255,0.7704813480377197,-0.03907153755426407,0.35699090361595154,0.6778408288955688,-0.044858600944280624,0.40734782814979553,0.5939589738845825,-0.04709826409816742,0.4500371515750885,0.5387514233589172,-0.04910314083099365,0.3126979470252991,0.523507297039032,-0.015480156056582928,0.3474094271659851,0.4144165813922882,-0.028115008026361465,0.363871693611145,0.34404224157333374,-0.04248710349202156,0.3752111792564392,0.2822551429271698,-0.05608433112502098,0.2610015273094177,0.4950003921985626,-0.01376368012279272,0.2784164249897003,0.36455538868904114,-0.02368609420955181,0.2899046242237091,0.2837766110897064,-0.04165385663509369,0.29756689071655273,0.21416035294532776,-0.057468120008707047,0.20901231467723846,0.49869051575660706,-0.018027737736701965,0.2163422703742981,0.3739517331123352,-0.0356060191988945,0.22594819962978363,0.29771724343299866,-0.057421740144491196,0.23605336248874664,0.22776877880096436,-0.07445903867483139,0.15541031956672668,0.528252363204956,-0.02629891037940979,0.14096041023731232,0.4370271861553192,-0.04995127022266388,0.13472333550453186,0.3774993419647217,-0.06636606901884079,0.13557638227939606,0.3196493089199066,-0.07791954278945923
hello,0.6077305674552917,0.8442307114601135,4.5660817704629153e-07,0.7166810631752014,0.8152179718017578,-0.036190785467624664,0.8137219548225403,0.7307907938957214,-0.04725329205393791,0.8803499937057495,0.6506779789924622,-0.05795610323548317,0.9404470324516296,0.591745913028717,-0.06899552792310715,0.7871619462966919,0.526874303817749,-0.02010904811322689,0.8502870202064514,0.4111142158508301,-0.04754224792122841,0.8914713859558105,0.33897340297698975,-0.07220152765512466,0.9279726147651672,0.2755715847015381,-0.09293875843286514,0.7409251928329468,0.4903913140296936,-0.02861061505973339,0.7843294739723206,0.3411383628845215,-0.05639224871993065,0.8241925239562988,0.24821585416793823,-0.08493773639202118,0.8589015603065491,0.170912504196167,-0.10746079683303833,0.6881917715072632,0.4912603497505188,-0.04365362226963043,0.7223873138427734,0.3371921181678772,-0.07714846730232239,0.7587119340896606,0.25007346272468567,-0.10506876558065414,0.7962769269943237,0.17479529976844788,-0.12516111135482788,0.6294295191764832,0.5228449702262878,-0.062417272478342056,0.6295458078384399,0.405414342880249,-0.1010184958577156,0.6468623876571655,0.3277730345726013,-0.1253599375486374,0.6734570860862732,0.2543136179447174,-0.14171835780143738
hello,0.2524269223213196,0.7321502566337585,3.8589271866840136e-07,0.33241820335388184,0.7070114016532898,-0.031167343258857727,0.39825743436813354,0.636220395565033,-0.033653195947408676,0.4446357190608978,0.5730130076408386,-0.033400651067495346,0.4796760380268097,0.5240138173103333,-0.032684534788131714,0.36422935128211975,0.5119239687919617,-0.0025039745960384607,0.3982040286064148,0.4276706874370575,-0.007959483191370964,0.4158027172088623,0.3735736906528473,-0.017586074769496918,0.4283064603805542,0.3248571753501892,-0.02788849174976349,0.3254762589931488,0.48695680499076843,-4.820137837668881e-05,0.3459233343601227,0.38716110587120056,-0.0035097331274300814,0.36127766966819763,0.3260843753814697,-0.017709534615278244,0.3729342222213745,0.27482300996780396,-0.03125126659870148,0.284356951713562,0.48668602108955383,-0.003127767937257886,0.2959003746509552,0.38699355721473694,-0.013600805774331093,0.30837324261665344,0.32862281799316406,-0.03217944875359535,0.3217836022377014,0.2765420079231262,-0.047503720968961716,0.24124929308891296,0.5067469477653503,-0.009716309607028961,0.2342759072780609,0.43133145570755005,-0.026815026998519897,0.23284639418125153,0.3795253038406372,-0.041929781436920166,0.23831504583358765,0.33113807439804077,-0.053444162011146545
hello,0.5958787798881531,0.9495874643325806,6.230660574146896e-07,0.7022775411605835,0.9010569453239441,-0.03319409862160683,0.7904417514801025,0.7888011932373047,-0.04470565915107727,0.8521201014518738,0.6920983791351318,-0.056965991854667664,0.9110952615737915,0.6176406741142273,-0.06984204053878784,0.7490765452384949,0.5807690620422363,-0.015318229794502258,0.8042454123497009,0.44720467925071716,-0.0415341779589653,0.8406848311424255,0.36462727189064026,-0.06552036106586456,0.8727652430534363,0.2926872670650482,-0.08672873675823212,0.6955615878105164,0.550963282585144,-0.030010906979441643,0.7284947633743286,0.38016438484191895,-0.05824516341090202,0.7625054717063904,0.2723514139652252,-0.08876483887434006,0.7923722267150879,0.18553394079208374,-0.11291187256574631,0.6367449760437012,0.5629066824913025,-0.0514577180147171,0.6611617803573608,0.38429006934165955,-0.08923625200986862,0.6911696791648865,0.28195878863334656,-0.12085495889186859,0.7229910492897034,0.1937730312347412,-0.14299194514751434,0.5730127096176147,0.6096206903457642,-0.07597753405570984,0.5669811964035034,0.4748179018497467,-0.12150898575782776,0.5779459476470947,0.3831210136413574,-0.1494208574295044,0.5975513458251953,0.29348868131637573,-0.1676521599292755
hello,0.493141233921051,0.8693745136260986,2.677762154235097e-07,0.5944710373878479,0.8313993215560913,-0.03321699798107147,0.6753019690513611,0.7402357459068298,-0.04309576377272606,0.7335560917854309,0.6611178517341614,-0.05372989922761917,0.7841907739639282,0.596872866153717,-0.06544771790504456,0.6433862447738647,0.5588752031326294,-0.015061414800584316,0.6904553174972534,0.44618409872055054,-0.03931678459048271,0.7201839685440063,0.38075485825538635,-0.06164035201072693,0.7461124062538147,0.32189294695854187,-0.08089839667081833,0.5945985317230225,0.5302355289459229,-0.024151382967829704,0.626136839389801,0.38951390981674194,-0.047945283353328705,0.6537229418754578,0.30782854557037354,-0.07329872250556946,0.6786326169967651,0.23855218291282654,-0.09441237151622772,0.5418891906738281,0.5354148745536804,-0.03992120549082756,0.565405547618866,0.3953113257884979,-0.07008050382137299,0.5930635929107666,0.3148016631603241,-0.09603528678417206,0.6247485876083374,0.24413001537322998,-0.11543337255716324,0.4860370457172394,0.5682250261306763,-0.05934929847717285,0.47990983724594116,0.4570358693599701,-0.09382867068052292,0.4918339252471924,0.3823457956314087,-0.11638081818819046,0.5129144191741943,0.31261157989501953,-0.13257360458374023
hello,0.4269512891769409,0.8195323944091797,2.826099887442979e-07,0.5287929177284241,0.7828106880187988,-0.04012607783079147,0.6115374565124512,0.7013458013534546,-0.05192586034536362,0.668546199798584,0.6244537830352783,-0.061860617250204086,0.7150900363922119,0.5584198236465454,-0.07208965718746185,0.5762451887130737,0.5330196022987366,-0.020053518936038017,0.6216744184494019,0.4231768548488617,-0.04313838481903076,0.6467640995979309,0.35856810212135315,-0.0653078481554985,0.6687182188034058,0.30080318450927734,-0.08363045752048492,0.5282402634620667,0.5020790696144104,-0.022754115983843803,0.5594160556793213,0.36762046813964844,-0.04290059581398964,0.5818321704864502,0.2922287583351135,-0.06664230674505234,0.6031671166419983,0.23098692297935486,-0.0868355855345726,0.4760741591453552,0.5010483860969543,-0.03212321549654007,0.4973224699497223,0.36890310049057007,-0.0572265163064003,0.5179904103279114,0.294955849647522,-0.08017683029174805,0.5421153903007507,0.23572087287902832,-0.09773434698581696,0.4213837683200836,0.5274280905723572,-0.04583955928683281,0.41346806287765503,0.4244636595249176,-0.07392287254333496,0.4178108274936676,0.3561460077762604,-0.09143193811178207,0.4305172562599182,0.2958568334579468,-0.10392192006111145
hello,0.2298315167427063,0.7742908000946045,4.793109837919474e-07,0.3238942325115204,0.7589688301086426,-0.04785672202706337,0.41263440251350403,0.6764030456542969,-0.05819704011082649,0.4770163893699646,0.5984878540039062,-0.06295647472143173,0.5284854173660278,0.5437889099121094,-0.06779956817626953,0.3836098909378052,0.5065792202949524,-0.03392486646771431,0.43404421210289,0.39547866582870483,-0.051759399473667145,0.46269264817237854,0.31841614842414856,-0.06858187168836594,0.4843732714653015,0.2495037317276001,-0.08458714187145233,0.33191365003585815,0.4681382179260254,-0.031106237322092056,0.3654704689979553,0.3300500810146332,-0.04730222746729851,0.3882293403148651,0.2430383563041687,-0.06827855110168457,0.40500420331954956,0.16976523399353027,-0.08671268075704575,0.27544450759887695,0.4642258882522583,-0.03447151929140091,0.29672715067863464,0.3288400173187256,-0.05936014652252197,0.3165748119354248,0.24071243405342102,-0.08643592149019241,0.3351856768131256,0.16284283995628357,-0.107184998691082,0.21627534925937653,0.4889447093009949,-0.04207203909754753,0.21098782122135162,0.3836096525192261,-0.07376992702484131,0.2099749892950058,0.3115772604942322,-0.09599116444587708,0.21584603190422058,0.24356448650360107,-0.11175636202096939
hello,0.11441312730312347,0.8363984823226929,3.749635197891621e-07,0.21325355768203735,0.7959235906600952,-0.04401935636997223,0.2921757400035858,0.6933298707008362,-0.05037079378962517,0.345721036195755,0.5980642437934875,-0.05314141884446144,0.38804689049720764,0.5284600257873535,-0.05547093600034714,0.24838629364967346,0.5187045931816101,-0.0150478919968009,0.28531384468078613,0.39615684747695923,-0.03096918761730194,0.29949384927749634,0.3183298707008362,-0.04859297350049019,0.3084004521369934,0.24870848655700684,-0.06454171240329742,0.19148576259613037,0.48991918563842773,-0.012748593464493752,0.20809583365917206,0.3425174355506897,-0.026443639770150185,0.21583035588264465,0.2541790008544922,-0.048575107008218765,0.22056852281093597,0.17725318670272827,-0.06734341382980347,0.1332569569349289,0.49522340297698975,-0.017260972410440445,0.13972322642803192,0.35591351985931396,-0.039219845086336136,0.1464603841304779,0.2722112834453583,-0.06394965201616287,0.15285947918891907,0.1948278844356537,-0.08257778733968735,0.07349373400211334,0.529291033744812,-0.026260333135724068,0.05697503685951233,0.42688387632369995,-0.054019492119550705,0.04678109288215637,0.3604893684387207,-0.07229641079902649,0.04243691265583038,0.29589930176734924,-0.08466195315122604
hello,0.4877132177352905,0.8446646928787231,3.791180631651514e-07,0.5911831855773926,0.8177631497383118,-0.03610721230506897,0.6780446171760559,0.7337032556533813,-0.049309082329273224,0.7392261624336243,0.6602222919464111,-0.0627683475613594,0.7937003374099731,0.5983234643936157,-0.07774266600608826,0.6534289121627808,0.5526577234268188,-0.026337813585996628,0.7066436409950256,0.4435718059539795,-0.05558708310127258,0.7410464882850647,0.37840232253074646,-0.07996558398008347,0.7718676924705505,0.32135552167892456,-0.10020525753498077,0.6072390675544739,0.520404577255249,-0.03645002469420433,0.6474624276161194,0.3808547854423523,-0.06533065438270569,0.6791968941688538,0.2966378629207611,-0.09259901195764542,0.7081086039543152,0.2257029116153717,-0.11447533220052719,0.5538873672485352,0.5213388800621033,-0.05311868339776993,0.5838647484779358,0.3800617456436157,-0.08861938118934631,0.613800585269928,0.2947835922241211,-0.11709193140268326,0.6467918753623962,0.22185873985290527,-0.13752983510494232,0.4949605166912079,0.5498809218406677,-0.07337870448827744,0.4930300712585449,0.43813127279281616,-0.11326341331005096,0.5062465667724609,0.36314186453819275,-0.1382773369550705,0.5273568630218506,0.2934253215789795,-0.15558913350105286
hello,0.3733089864253998,0.8883286118507385,3.0146034646350017e-07,0.4731096923351288,0.8385940790176392,-0.04716387763619423,0.5623767971992493,0.74858558177948,-0.06791256368160248,0.6301326751708984,0.6783351302146912,-0.08670172840356827,0.6783143281936646,0.6027292609214783,-0.10697475075721741,0.5242865681648254,0.5691845417022705,-0.04480590671300888,0.5691123604774475,0.43954503536224365,-0.08334275335073471,0.6004126667976379,0.3681028485298157,-0.11480199545621872,0.6302275657653809,0.3125826418399811,-0.13911974430084229,0.4720454514026642,0.5450704097747803,-0.05163687467575073,0.4946126937866211,0.3862943649291992,-0.08765164762735367,0.5221081972122192,0.2966909110546112,-0.12066622078418732,0.5493964552879333,0.2344459593296051,-0.14752809703350067,0.4142969250679016,0.5547707080841064,-0.06560733169317245,0.429343044757843,0.40055838227272034,-0.10540200024843216,0.4562218189239502,0.3131195604801178,-0.1392495334148407,0.4889894127845764,0.25018832087516785,-0.1649530977010727,0.35537999868392944,0.5941289663314819,-0.08388727158308029,0.33084970712661743,0.47935938835144043,-0.12627100944519043,0.3281346559524536,0.3982723355293274,-0.1543235182762146,0.33499741554260254,0.32991746068000793,-0.17477427423000336
hello,0.29244714975357056,0.8991655111312866,3.5595363101492694e-07,0.3940773606300354,0.86052405834198,-0.05084832012653351,0.4851192831993103,0.7703144550323486,-0.06694124639034271,0.5483624935150146,0.686018705368042,-0.07966167479753494,0.6004892587661743,0.6154221892356873,-0.0925571545958519,0.44051551818847656,0.5805156826972961,-0.03749784827232361,0.48967331647872925,0.4509962499141693,-0.06577015668153763,0.5186725854873657,0.37335675954818726,-0.08898022025823593,0.5447748899459839,0.3097992241382599,-0.1084955483675003,0.3830641508102417,0.5518301129341125,-0.0386786162853241,0.4079659879207611,0.3992918133735657,-0.06607528030872345,0.4310896098613739,0.3122986853122711,-0.09262428432703018,0.45338284969329834,0.24520084261894226,-0.11466782540082932,0.3241189420223236,0.5588756799697876,-0.04722168296575546,0.3382551074028015,0.4160935878753662,-0.08060237020254135,0.3573255240917206,0.3315269947052002,-0.10790441185235977,0.38033169507980347,0.2626480460166931,-0.12878607213497162,0.2639968693256378,0.5949543118476868,-0.06083986535668373,0.24648484587669373,0.4859844148159027,-0.09725382179021835,0.24038204550743103,0.4126727283000946,-0.11958594620227814,0.2431359887123108,0.3465883731842041,-0.13557374477386475
hello,0.2243766337633133,0.9143919944763184,4.988255568605382e-07,0.32550758123397827,0.8692829608917236,-0.0479920320212841,0.40791696310043335,0.7644882798194885,-0.05888749659061432,0.4669409394264221,0.6709342002868652,-0.06533859670162201,0.5102101564407349,0.5971505045890808,-0.07198942452669144,0.3545475900173187,0.5851284861564636,-0.030438963323831558,0.39222949743270874,0.4536643624305725,-0.04831639677286148,0.4100193977355957,0.3678303360939026,-0.06590624898672104,0.42173105478286743,0.2935682237148285,-0.08241783827543259,0.2941320538520813,0.5577235817909241,-0.029980231076478958,0.30920925736427307,0.40205419063568115,-0.04535598307847977,0.32142430543899536,0.3028126358985901,-0.06851525604724884,0.32974308729171753,0.21782246232032776,-0.08893058449029922,0.2328723967075348,0.569674015045166,-0.036062341183423996,0.23301135003566742,0.42160356044769287,-0.060800787061452866,0.24144980311393738,0.3244428038597107,-0.09038939327001572,0.24995429813861847,0.23709776997566223,-0.1134835034608841,0.17250171303749084,0.6137843132019043,-0.04658365249633789,0.14763373136520386,0.5065772533416748,-0.07921838015317917,0.1350099742412567,0.4306280314922333,-0.10286632925271988,0.12988117337226868,0.35684934258461,-0.11972739547491074
hello,0.3412402868270874,0.9021720886230469,3.3515055974930874e-07,0.4465944766998291,0.8600150346755981,-0.045001111924648285,0.5355189442634583,0.761695146560669,-0.058867473155260086,0.5999131798744202,0.6810051798820496,-0.07054443657398224,0.6513051986694336,0.615268886089325,-0.0831468477845192,0.4981292486190796,0.5866893529891968,-0.03471117094159126,0.5446230173110962,0.457581490278244,-0.06411062180995941,0.5741896629333496,0.38120266795158386,-0.08917271345853806,0.6000556349754333,0.314543753862381,-0.10985260456800461,0.4448243975639343,0.5537182688713074,-0.038968052715063095,0.4701480269432068,0.39755409955978394,-0.06457804888486862,0.49061840772628784,0.3063308894634247,-0.09061934798955917,0.5099664926528931,0.23012101650238037,-0.1125132143497467,0.3862510323524475,0.5568827986717224,-0.049939028918743134,0.4050969183444977,0.4070345461368561,-0.08123108744621277,0.42289999127388,0.31637758016586304,-0.10754115879535675,0.4433367848396301,0.23876377940177917,-0.12787136435508728,0.3238424062728882,0.5911160111427307,-0.06544158607721329,0.30727630853652954,0.4815795421600342,-0.10038697719573975,0.30398592352867126,0.4089842438697815,-0.12082413583993912,0.30735546350479126,0.3417039215564728,-0.1352577954530716
hello,0.14900560677051544,0.9262284636497498,5.001962790629477e-07,0.25849971175193787,0.9099694490432739,-0.06374910473823547,0.357209175825119,0.8179296255111694,-0.08069371432065964,0.4259464144706726,0.7248291969299316,-0.09000716358423233,0.47315049171447754,0.644642174243927,-0.10194415599107742,0.3141006529331207,0.6326016187667847,-0.03757793828845024,0.3422267735004425,0.4956463575363159,-0.06060013920068741,0.35415905714035034,0.39569294452667236,-0.08741040527820587,0.3627178370952606,0.3073919117450714,-0.11141198128461838,0.24707862734794617,0.6065372228622437,-0.030135251581668854,0.24970614910125732,0.4449070394039154,-0.05598562955856323,0.25509536266326904,0.32519835233688354,-0.09590402245521545,0.2570810914039612,0.2303294539451599,-0.1284007430076599,0.18260090053081512,0.6144400835037231,-0.02965528331696987,0.1809118688106537,0.4694092869758606,-0.06780734658241272,0.1855151504278183,0.3667946755886078,-0.1082957312464714,0.19375601410865784,0.28468388319015503,-0.1363660842180252,0.12378096580505371,0.6507394909858704,-0.033981725573539734,0.10514974594116211,0.5428690314292908,-0.07738668471574783,0.09399347007274628,0.4597557783126831,-0.10586625337600708,0.09376223385334015,0.38691338896751404,-0.12503354251384735
hello,0.12042729556560516,0.9794387817382812,4.047450943289732e-07,0.22447577118873596,0.9460976123809814,-0.0515676774084568,0.30745911598205566,0.8403048515319824,-0.06357622891664505,0.3584631681442261,0.7322976589202881,-0.07088252156972885,0.40157824754714966,0.6526551246643066,-0.07862051576375961,0.24834470450878143,0.6425584554672241,-0.032432593405246735,0.28016847372055054,0.5028524994850159,-0.05480094254016876,0.2885230779647827,0.4129581153392792,-0.0764504224061966,0.2912142276763916,0.33504748344421387,-0.09503660351037979,0.17950740456581116,0.6196165084838867,-0.03016042150557041,0.1865902692079544,0.4548429250717163,-0.05154477059841156,0.18728536367416382,0.35469505190849304,-0.07980653643608093,0.18508680164813995,0.2691771388053894,-0.1029435247182846,0.11374935507774353,0.6374354362487793,-0.034464333206415176,0.10654397308826447,0.4796372056007385,-0.0655321553349495,0.10042758285999298,0.3778758645057678,-0.09811145812273026,0.09384383261203766,0.2877507209777832,-0.12155462056398392,0.052636951208114624,0.6863821148872375,-0.04300057888031006,0.026425957679748535,0.5732753276824951,-0.08017343282699585,0.00562933087348938,0.4975433647632599,-0.10508744418621063,-0.009473443031311035,0.4264214336872101,-0.12130886316299438
hello,0.3131713271141052,0.9238686561584473,3.9306308963205083e-07,0.4196379482746124,0.8801631927490234,-0.05215270817279816,0.5120757222175598,0.7792617678642273,-0.06716173142194748,0.5763026475906372,0.6903833150863647,-0.07858099788427353,0.6298853754997253,0.6202484965324402,-0.09060849249362946,0.46651116013526917,0.5885805487632751,-0.038762908428907394,0.5151576995849609,0.4539393186569214,-0.06792426854372025,0.5430318117141724,0.37157130241394043,-0.09318988025188446,0.5659292340278625,0.2976748049259186,-0.11459764093160629,0.4081920385360718,0.5562138557434082,-0.04055982083082199,0.43061667680740356,0.39103060960769653,-0.06698773801326752,0.44819238781929016,0.2903907597064972,-0.09567058086395264,0.4628877639770508,0.20367565751075745,-0.11971079558134079,0.34545570611953735,0.5638940334320068,-0.049599114805459976,0.35850003361701965,0.4092780649662018,-0.08389391750097275,0.3727693259716034,0.3122202455997467,-0.11471547186374664,0.3888257145881653,0.2252996861934662,-0.1377314180135727,0.28028589487075806,0.6036205887794495,-0.06353429704904556,0.2612141966819763,0.4884699285030365,-0.10287259519100189,0.25414153933525085,0.4111015498638153,-0.1272365152835846,0.25450533628463745,0.3363683521747589,-0.1439666897058487
hello,0.34473687410354614,0.8852950930595398,6.084451911192446e-07,0.4662124216556549,0.8468414545059204,-0.06034145876765251,0.5596875548362732,0.7577344179153442,-0.08287621289491653,0.6291210055351257,0.6818861365318298,-0.10272429138422012,0.6883133053779602,0.6064661741256714,-0.12339168041944504,0.51967453956604,0.5581519603729248,-0.03422033414244652,0.5731462240219116,0.42712050676345825,-0.06086576730012894,0.6068755388259888,0.3463277220726013,-0.08477362245321274,0.6332967281341553,0.27305617928504944,-0.10595811903476715,0.46034395694732666,0.525134265422821,-0.03671304136514664,0.49575215578079224,0.3579508662223816,-0.05857861787080765,0.5205567479133606,0.2599359154701233,-0.08440853655338287,0.5424349308013916,0.1762523651123047,-0.10745751112699509,0.3947964906692505,0.5292223691940308,-0.049232903867959976,0.42205867171287537,0.37631022930145264,-0.08364801108837128,0.44472891092300415,0.27950406074523926,-0.11728827655315399,0.4694976806640625,0.19073286652565002,-0.14336755871772766,0.32885146141052246,0.5608294010162354,-0.06781186163425446,0.31808894872665405,0.4470265805721283,-0.11055471748113632,0.31563329696655273,0.3688924014568329,-0.13912545144557953,0.32239776849746704,0.29409998655319214,-0.16014710068702698
hello,0.2718239426612854,0.8730212450027466,4.77637570384104e-07,0.37889590859413147,0.8330198526382446,-0.05398920178413391,0.477117657661438,0.7360460758209229,-0.07127151638269424,0.5435375571250916,0.6479526162147522,-0.08437813073396683,0.592730700969696,0.5711770057678223,-0.09771108627319336,0.4342092275619507,0.5353296995162964,-0.04477279260754585,0.4858587384223938,0.4008945822715759,-0.07434185594320297,0.5182017683982849,0.31630682945251465,-0.09815146028995514,0.5455746650695801,0.24636080861091614,-0.11744841933250427,0.3715294599533081,0.4995221197605133,-0.045125581324100494,0.4011138677597046,0.3404693007469177,-0.07001838833093643,0.42680075764656067,0.2517995238304138,-0.09361063688993454,0.4508932828903198,0.18017393350601196,-0.11336957663297653,0.3071736991405487,0.5022786259651184,-0.052818410098552704,0.32433634996414185,0.34846872091293335,-0.08377779275178909,0.3407118022441864,0.2537498474121094,-0.10827095806598663,0.35972240567207336,0.1752438247203827,-0.1272980272769928,0.24014486372470856,0.5365880727767944,-0.0661098062992096,0.2225199043750763,0.4157941937446594,-0.10109732300043106,0.21620097756385803,0.33811336755752563,-0.12115363031625748,0.21770678460597992,0.2693101167678833,-0.13503096997737885
hello,0.11120913922786713,0.8722705841064453,4.3431691665318795e-07,0.22701185941696167,0.8353276252746582,-0.049532052129507065,0.3189736008644104,0.7164086103439331,-0.056218694895505905,0.37599050998687744,0.6083504557609558,-0.05834778770804405,0.4219812750816345,0.5322437286376953,-0.06084469333291054,0.2606939673423767,0.5174558162689209,-0.025376763194799423,0.29992014169692993,0.3699515163898468,-0.04542214050889015,0.31567859649658203,0.27437862753868103,-0.06630972027778625,0.32565927505493164,0.19075101613998413,-0.08495613932609558,0.19334375858306885,0.4850662648677826,-0.02341953106224537,0.209611177444458,0.3115456998348236,-0.04158571735024452,0.21944168210029602,0.20381200313568115,-0.06999024748802185,0.22550010681152344,0.1128060519695282,-0.09397287666797638,0.12603759765625,0.493919312953949,-0.028211411088705063,0.1278838962316513,0.3263552486896515,-0.05599328875541687,0.13196539878845215,0.21949651837348938,-0.08901592344045639,0.1355423927307129,0.12614527344703674,-0.11366061866283417,0.05986383557319641,0.5365886688232422,-0.03744163736701012,0.036408498883247375,0.41209471225738525,-0.07191406190395355,0.02217903733253479,0.32641708850860596,-0.09639311581850052,0.01529616117477417,0.24649512767791748,-0.11312493681907654
hello,0.07276427745819092,0.9006441831588745,2.659854771991377e-07,0.19717709720134735,0.8956663608551025,-0.044061142951250076,0.2999791204929352,0.7941329479217529,-0.03814704343676567,0.35728129744529724,0.6941787600517273,-0.028034670278429985,0.4004156291484833,0.619785726070404,-0.019182894378900528,0.25456568598747253,0.60000079870224,0.010802306234836578,0.2820723354816437,0.4619968831539154,0.003944226074963808,0.28875023126602173,0.3669414222240448,-0.013808882795274258,0.2895866930484772,0.27680155634880066,-0.031236682087183,0.18326163291931152,0.5656778216362,0.016250068321824074,0.18933802843093872,0.40997177362442017,0.0043287561275064945,0.19142965972423553,0.2922338843345642,-0.029533278197050095,0.183658629655838,0.19345033168792725,-0.05653974786400795,0.11480535566806793,0.566647469997406,0.0140103530138731,0.11174976825714111,0.43097665905952454,-0.016172775998711586,0.10991837084293365,0.35486075282096863,-0.053463928401470184,0.111083984375,0.2824118435382843,-0.0772567167878151,0.051685333251953125,0.592376708984375,0.008241923525929451,0.034351885318756104,0.4781458377838135,-0.02811310812830925,0.020760387182235718,0.411105215549469,-0.05335132032632828,0.02187514305114746,0.3482919931411743,-0.06924593448638916
hello,0.2646156847476959,0.8194742202758789,4.267558040282893e-07,0.3722337782382965,0.7886419892311096,-0.059629783034324646,0.4669322669506073,0.6949675679206848,-0.07838323712348938,0.5381215214729309,0.6073436737060547,-0.09225637465715408,0.5948342084884644,0.5343159437179565,-0.10631821304559708,0.4320197105407715,0.48584574460983276,-0.04662826657295227,0.4864470064640045,0.3478376865386963,-0.0774284154176712,0.5143128037452698,0.25856781005859375,-0.10313531011343002,0.5352556705474854,0.17938679456710815,-0.12451034784317017,0.3715429902076721,0.4443444311618805,-0.044907279312610626,0.4016095697879791,0.27041345834732056,-0.07183143496513367,0.4196752905845642,0.1672932207584381,-0.09922970086336136,0.43242746591567993,0.08053702116012573,-0.1219252347946167,0.3063628077507019,0.4457054138183594,-0.05090608820319176,0.3223915696144104,0.2806820869445801,-0.08480733633041382,0.33637380599975586,0.1784573197364807,-0.11350252479314804,0.350008100271225,0.09022888541221619,-0.13494965434074402,0.23872166872024536,0.48056235909461975,-0.06261931359767914,0.22366200387477875,0.3570675849914551,-0.10115282982587814,0.2173106074333191,0.27586299180984497,-0.12422483414411545,0.21743127703666687,0.20193952322006226,-0.13979442417621613
hello,0.2545628547668457,0.8301541805267334,5.936474281043047e-07,0.363648921251297,0.810065507888794,-0.06271780282258987,0.46177101135253906,0.7269073724746704,-0.08243141323328018,0.5358970165252686,0.6393254995346069,-0.09575831890106201,0.5986608266830444,0.5697382688522339,-0.10930951684713364,0.432729035615921,0.510021984577179,-0.044331684708595276,0.4898442029953003,0.37928175926208496,-0.07002783566713333,0.5220464468002319,0.29103606939315796,-0.09323503077030182,0.5459836721420288,0.21261602640151978,-0.1140466257929802,0.3750554919242859,0.4680628776550293,-0.04131803289055824,0.4093536138534546,0.304465115070343,-0.06395548582077026,0.4323725700378418,0.1999794840812683,-0.09166141599416733,0.45010772347450256,0.10942763090133667,-0.11529981344938278,0.30964595079421997,0.4670109748840332,-0.04637524113059044,0.33162641525268555,0.3073142170906067,-0.0798327848315239,0.3513900637626648,0.2031267285346985,-0.11274175345897675,0.37056225538253784,0.10956552624702454,-0.13737481832504272,0.23767027258872986,0.49870777130126953,-0.056954771280288696,0.22712643444538116,0.3777218461036682,-0.09832699596881866,0.2242611050605774,0.29468679428100586,-0.12514595687389374,0.22840534150600433,0.2150159776210785,-0.14332786202430725
hello,0.1656556874513626,0.8744910955429077,5.543759584725194e-07,0.27577289938926697,0.8563555479049683,-0.055412665009498596,0.37714195251464844,0.7652490735054016,-0.06765764951705933,0.44932353496551514,0.673014223575592,-0.07360880821943283,0.5051237344741821,0.6069192290306091,-0.08025923371315002,0.33759066462516785,0.567522406578064,-0.03419359028339386,0.3867710828781128,0.431248277425766,-0.05215751379728317,0.41240593791007996,0.3376428782939911,-0.0714832991361618,0.43327781558036804,0.25550004839897156,-0.09056404232978821,0.27658912539482117,0.5280753970146179,-0.030904144048690796,0.3053317070007324,0.36126577854156494,-0.0485074408352375,0.32376930117607117,0.2583955228328705,-0.07722051441669464,0.33723291754722595,0.1747777760028839,-0.10228537768125534,0.21124225854873657,0.5286351442337036,-0.03405735641717911,0.22657591104507446,0.36480018496513367,-0.06340279430150986,0.2369224727153778,0.2629445493221283,-0.09692182391881943,0.24657484889030457,0.17683735489845276,-0.12248026579618454,0.14359347522258759,0.5601602792739868,-0.04184768348932266,0.12729893624782562,0.4375861883163452,-0.08013743907213211,0.11696337163448334,0.353018194437027,-0.1067126914858818,0.11516757309436798,0.2770162522792816,-0.12502934038639069
hello,0.08949249982833862,0.942608118057251,4.932005595037481e-07,0.20111021399497986,0.9225283861160278,-0.05424345284700394,0.29814279079437256,0.8235971927642822,-0.06644222140312195,0.36481302976608276,0.7221223711967468,-0.07301060855388641,0.4158709645271301,0.647064745426178,-0.08009321987628937,0.2596728205680847,0.6089920401573181,-0.02578199841082096,0.3035459816455841,0.4683206379413605,-0.04376262053847313,0.32069873809814453,0.3732262849807739,-0.06574643403291702,0.3308916985988617,0.2883422374725342,-0.08598532527685165,0.19153594970703125,0.573175847530365,-0.022626442834734917,0.21072056889533997,0.3984997868537903,-0.03839913010597229,0.2196999490261078,0.28939393162727356,-0.06887980550527573,0.22278518974781036,0.1942099630832672,-0.09505563229322433,0.12084929645061493,0.5784870982170105,-0.026216275990009308,0.12563304603099823,0.4141681492328644,-0.05462397634983063,0.12662528455257416,0.3058008849620819,-0.08934853971004486,0.1252417117357254,0.2082897424697876,-0.11511946469545364,0.05178198218345642,0.6194480061531067,-0.034238897264003754,0.03435024619102478,0.5017309784889221,-0.06969816982746124,0.020593464374542236,0.4241827726364136,-0.09361224621534348,0.013114631175994873,0.34910425543785095,-0.10964947193861008
hello,0.44893014430999756,0.8656060695648193,4.812650331587065e-07,0.5323360562324524,0.8436546921730042,-0.061268627643585205,0.6276422142982483,0.7608643174171448,-0.08619291335344315,0.6946844458580017,0.6885485053062439,-0.10566990077495575,0.7601433396339417,0.6323718428611755,-0.12453930824995041,0.6022139191627502,0.5435320734977722,-0.0416618175804615,0.6496861577033997,0.4293714463710785,-0.07546509057283401,0.6710883975028992,0.35567790269851685,-0.10468672215938568,0.6830301284790039,0.30129745602607727,-0.12615269422531128,0.5401291251182556,0.5121170282363892,-0.03733181580901146,0.5660731792449951,0.368548184633255,-0.06615475565195084,0.5933688879013062,0.2937059700489044,-0.09536027908325195,0.6136982440948486,0.2465314269065857,-0.11883261054754257,0.47690486907958984,0.5203378796577454,-0.041778236627578735,0.49198728799819946,0.3863045573234558,-0.0793236568570137,0.5246912837028503,0.3350549340248108,-0.10548752546310425,0.5559762120246887,0.30808836221694946,-0.12370993942022324,0.4146782159805298,0.5567033290863037,-0.051537737250328064,0.4338873028755188,0.4739035964012146,-0.08962925523519516,0.45844584703445435,0.44419407844543457,-0.10800303518772125,0.48142603039741516,0.42754489183425903,-0.11989446729421616
hello,0.5547635555267334,0.9173524379730225,7.06353205259802e-07,0.669958770275116,0.8903555274009705,-0.04811941087245941,0.770956814289093,0.807342529296875,-0.07007743418216705,0.8478837013244629,0.7329404354095459,-0.09041479974985123,0.9212852716445923,0.6723122596740723,-0.11139492690563202,0.7439241409301758,0.5945614576339722,-0.038591355085372925,0.8141660690307617,0.47197502851486206,-0.07146371901035309,0.8595966696739197,0.3953738808631897,-0.09895650297403336,0.8997994065284729,0.32627907395362854,-0.12273681908845901,0.6920120120048523,0.5560776591300964,-0.04911631718277931,0.7425193786621094,0.39386481046676636,-0.0824509710073471,0.7854149341583252,0.29230818152427673,-0.11485638469457626,0.8219367861747742,0.20900759100914001,-0.14120014011859894,0.6302332878112793,0.5584622621536255,-0.06721746921539307,0.6691816449165344,0.3896002769470215,-0.108722984790802,0.7058016657829285,0.2939089834690094,-0.1422855705022812,0.7428086400032043,0.21020111441612244,-0.16686031222343445,0.5623486638069153,0.5932645797729492,-0.08977661281824112,0.5640618801116943,0.4663957953453064,-0.1387365609407425,0.5757889747619629,0.37974220514297485,-0.1691075712442398,0.5953497290611267,0.29423683881759644,-0.18985000252723694
hello,0.5521419048309326,0.9122338891029358,6.273122608035919e-07,0.6629589200019836,0.8877366185188293,-0.041905056685209274,0.7619086503982544,0.8030402660369873,-0.060245148837566376,0.8378931283950806,0.7309244871139526,-0.07785298675298691,0.908665657043457,0.6719323992729187,-0.09616251289844513,0.7392984628677368,0.5953388214111328,-0.028425997123122215,0.8054954409599304,0.4785615801811218,-0.05737752094864845,0.8479527831077576,0.40481802821159363,-0.08323279023170471,0.8848967552185059,0.33810415863990784,-0.10575779527425766,0.6892489790916443,0.5606262683868408,-0.039932720363140106,0.7352557182312012,0.40659594535827637,-0.06874647736549377,0.7750772833824158,0.3078192174434662,-0.09905742853879929,0.8089225888252258,0.22608447074890137,-0.12391751259565353,0.6300467848777771,0.5639455318450928,-0.058714184910058975,0.6671439409255981,0.40680092573165894,-0.09471733868122101,0.7044349312782288,0.31493428349494934,-0.12567923963069916,0.741431474685669,0.23363536596298218,-0.1488952934741974,0.565345287322998,0.5986275672912598,-0.08170384168624878,0.5660544633865356,0.47698402404785156,-0.12487786263227463,0.5780153274536133,0.3926519453525543,-0.15188156068325043,0.5977267026901245,0.3093816339969635,-0.17052459716796875
hello,0.5445957779884338,0.9183568954467773,5.323947789293015e-07,0.6479870676994324,0.8900932669639587,-0.04271445423364639,0.7462430000305176,0.8067813515663147,-0.06007072702050209,0.8203006982803345,0.7344786524772644,-0.07613913714885712,0.8866469860076904,0.6787013411521912,-0.09261820465326309,0.7240618467330933,0.6040027141571045,-0.0325126051902771,0.7867982387542725,0.4878672957420349,-0.06408866494894028,0.8278337717056274,0.4172009527683258,-0.09110963344573975,0.8648363351821899,0.3536170423030853,-0.11319362372159958,0.6753190159797668,0.5699169635772705,-0.04084115847945213,0.720831573009491,0.41867202520370483,-0.07096895575523376,0.7600980997085571,0.32503166794776917,-0.0997854471206665,0.7943238615989685,0.24728256464004517,-0.12241100519895554,0.6182140111923218,0.5743146538734436,-0.056008074432611465,0.6546362638473511,0.41841840744018555,-0.09140482544898987,0.6895577907562256,0.3292703628540039,-0.11911991983652115,0.7244200110435486,0.2523288428783417,-0.138838991522789,0.5547541379928589,0.6096882224082947,-0.07547269016504288,0.5555074214935303,0.4900151789188385,-0.11599990725517273,0.5676901340484619,0.40743494033813477,-0.13991646468639374,0.5857812762260437,0.32752543687820435,-0.1554109901189804
hello,0.46604669094085693,0.9317315816879272,4.0889591446102713e-07,0.5748556852340698,0.8958566188812256,-0.044598765671253204,0.6726052761077881,0.8123161792755127,-0.06046708673238754,0.7459958791732788,0.7352543473243713,-0.07511119544506073,0.8065978288650513,0.673500657081604,-0.0896865576505661,0.6402590870857239,0.6192373037338257,-0.030097896233201027,0.7023401260375977,0.498119980096817,-0.05683307349681854,0.7395938038825989,0.4243711233139038,-0.07872959226369858,0.7711737751960754,0.3612055778503418,-0.09717012196779251,0.5868971347808838,0.5830974578857422,-0.03515341505408287,0.6272239685058594,0.43011990189552307,-0.05809552222490311,0.6579577326774597,0.344435453414917,-0.08017206192016602,0.6875001192092896,0.27197399735450745,-0.09920922666788101,0.5287747383117676,0.5851757526397705,-0.047572869807481766,0.5503358840942383,0.43277275562286377,-0.0751342922449112,0.5742774605751038,0.3469730317592621,-0.09659478068351746,0.6031195521354675,0.2743389308452606,-0.11406495422124863,0.467582106590271,0.6165304183959961,-0.06535320729017258,0.45899635553359985,0.4975039064884186,-0.09745566546916962,0.4663906693458557,0.4201158881187439,-0.11698734015226364,0.48358064889907837,0.35047516226768494,-0.1313522756099701
hello,0.35846078395843506,0.9367803335189819,4.015851686745009e-07,0.4751708209514618,0.9011743068695068,-0.06843137741088867,0.5720250606536865,0.8105327486991882,-0.09296666085720062,0.6411905884742737,0.7194505929946899,-0.11226522922515869,0.702139139175415,0.6416245698928833,-0.13204048573970795,0.5343989133834839,0.6020155549049377,-0.04447457566857338,0.5838885307312012,0.4659149646759033,-0.07691434770822525,0.613186240196228,0.384316623210907,-0.10655459761619568,0.6370908617973328,0.31271684169769287,-0.13127300143241882,0.4731687903404236,0.5719791650772095,-0.041827492415905,0.5056420564651489,0.4027469754219055,-0.07127959281206131,0.52681964635849,0.30780309438705444,-0.10470017045736313,0.5464323163032532,0.22978731989860535,-0.1326490342617035,0.4070844054222107,0.577974796295166,-0.048659857362508774,0.43081212043762207,0.41860562562942505,-0.08706996589899063,0.44896629452705383,0.321698397397995,-0.12350088357925415,0.46910640597343445,0.2396182119846344,-0.1509084850549698,0.3412068486213684,0.6142367124557495,-0.0618942454457283,0.3242613673210144,0.49950629472732544,-0.10465803742408752,0.31704702973365784,0.4192662835121155,-0.13303685188293457,0.31814536452293396,0.3450380861759186,-0.15360790491104126
hello,0.28761279582977295,0.9708277583122253,4.650827634122834e-07,0.39482003450393677,0.9281507730484009,-0.058561354875564575,0.482380211353302,0.8243210315704346,-0.0784650444984436,0.5445867776870728,0.7301936149597168,-0.09382309019565582,0.6038170456886292,0.6625069379806519,-0.10967070609331131,0.43201982975006104,0.6270451545715332,-0.05089312046766281,0.4790685176849365,0.4863234758377075,-0.08243900537490845,0.504246711730957,0.3992825150489807,-0.10826985538005829,0.5250166654586792,0.3200218379497528,-0.13001036643981934,0.36729148030281067,0.594281792640686,-0.0505751371383667,0.3896806538105011,0.42655664682388306,-0.07788877189159393,0.4043431580066681,0.3237394392490387,-0.10471344739198685,0.41535884141921997,0.23587587475776672,-0.12761913239955902,0.299622118473053,0.6051031947135925,-0.05756906792521477,0.30710554122924805,0.4477360248565674,-0.09097902476787567,0.31645774841308594,0.34841591119766235,-0.11840266734361649,0.3282502293586731,0.26006460189819336,-0.13959303498268127,0.2315281182527542,0.6479890942573547,-0.07023370265960693,0.20974668860435486,0.531013548374176,-0.10820718109607697,0.20016780495643616,0.453227162361145,-0.13025039434432983,0.1971653699874878,0.3803950250148773,-0.14553514122962952
hello,0.2540860176086426,0.9857832193374634,4.2867503680099617e-07,0.3571450412273407,0.9428545236587524,-0.06229141727089882,0.4432263672351837,0.8371674418449402,-0.0841766744852066,0.500954270362854,0.7368341684341431,-0.10091327130794525,0.5561968684196472,0.6626428961753845,-0.11780941486358643,0.38872382044792175,0.633097231388092,-0.05436704680323601,0.4288109242916107,0.48987632989883423,-0.08903606981039047,0.45047101378440857,0.4017997980117798,-0.11688500642776489,0.46619805693626404,0.3226887881755829,-0.13960178196430206,0.32114189863204956,0.6021959781646729,-0.053313978016376495,0.3349827527999878,0.4301984906196594,-0.08351033180952072,0.3450692892074585,0.32780763506889343,-0.11210513859987259,0.35171669721603394,0.23940905928611755,-0.13587437570095062,0.25342315435409546,0.6165761947631836,-0.059942636638879776,0.25305256247520447,0.45692968368530273,-0.09629901498556137,0.25752830505371094,0.35688531398773193,-0.12465599179267883,0.2646559178829193,0.2662860155105591,-0.145969420671463,0.18532858788967133,0.6638913154602051,-0.07251984626054764,0.15823869407176971,0.5467747449874878,-0.11299556493759155,0.1444794237613678,0.4697217345237732,-0.13586175441741943,0.13740795850753784,0.3954545855522156,-0.15123200416564941
hello,0.17995645105838776,1.0067920684814453,3.547579012774804e-07,0.28849706053733826,0.962977409362793,-0.060770805925130844,0.3763686716556549,0.8608936071395874,-0.07834596931934357,0.43196794390678406,0.7531524896621704,-0.09039118140935898,0.47963523864746094,0.6727209687232971,-0.10235223919153214,0.3114902079105377,0.6542075872421265,-0.043472759425640106,0.3464018702507019,0.5039652585983276,-0.07077863812446594,0.35704463720321655,0.41193467378616333,-0.09428171068429947,0.3623884320259094,0.3291826844215393,-0.11426617950201035,0.2378656566143036,0.6274089217185974,-0.039735034108161926,0.24548029899597168,0.45116931200027466,-0.06520659476518631,0.24517709016799927,0.345237135887146,-0.0945478230714798,0.24497494101524353,0.2513056695461273,-0.11887052655220032,0.1681717336177826,0.6436927914619446,-0.04327986761927605,0.15959666669368744,0.48300641775131226,-0.07636138796806335,0.15784215927124023,0.37929537892341614,-0.10792211443185806,0.15748265385627747,0.2862945795059204,-0.1315275877714157,0.10183572769165039,0.6934423446655273,-0.05232864245772362,0.06769201159477234,0.5788903832435608,-0.08932247757911682,0.04809674620628357,0.5006512999534607,-0.11270768940448761,0.037088632583618164,0.42547959089279175,-0.12874451279640198
hello,0.21094027161598206,0.9706097841262817,5.458294367599592e-07,0.32172420620918274,0.9303498268127441,-0.06046360731124878,0.4183577299118042,0.8266207575798035,-0.0789995789527893,0.48211461305618286,0.7289168238639832,-0.0925445482134819,0.5379281044006348,0.655398964881897,-0.10660269111394882,0.34527164697647095,0.6181628108024597,-0.04651898145675659,0.3870105445384979,0.4720860719680786,-0.07574496418237686,0.40779709815979004,0.3839445412158966,-0.10073385387659073,0.4246683120727539,0.30754393339157104,-0.12231103330850601,0.27615371346473694,0.5907031297683716,-0.04589167609810829,0.2883036732673645,0.41192862391471863,-0.07419714331626892,0.2976147532463074,0.3056398332118988,-0.10691409558057785,0.30468326807022095,0.21735498309135437,-0.1340666562318802,0.20783811807632446,0.6080239415168762,-0.0527472123503685,0.20143815875053406,0.4415099620819092,-0.09176971018314362,0.20109251141548157,0.3351402282714844,-0.1286853700876236,0.20282414555549622,0.24349352717399597,-0.1558976173400879,0.1439296007156372,0.6572120785713196,-0.06449957937002182,0.11092936992645264,0.5404119491577148,-0.10823772102594376,0.08993712067604065,0.45957669615745544,-0.13634908199310303,0.07738268375396729,0.38380715250968933,-0.15583696961402893
hello,0.4011451005935669,0.9354862570762634,3.1045817650010576e-07,0.5213351249694824,0.8964074850082397,-0.06010858714580536,0.6242812275886536,0.7960737943649292,-0.08215345442295074,0.6965416669845581,0.6985249519348145,-0.1005958765745163,0.7610654234886169,0.6197036504745483,-0.12059131264686584,0.5804780721664429,0.5826622843742371,-0.051015183329582214,0.6242635846138,0.44143813848495483,-0.09017638117074966,0.6539372801780701,0.36011838912963867,-0.12213616818189621,0.6813260316848755,0.28818854689598083,-0.14793911576271057,0.5183448791503906,0.5533512830734253,-0.05599282309412956,0.5451503992080688,0.3755589723587036,-0.0913197249174118,0.5655800104141235,0.27504095435142517,-0.12577588856220245,0.5870179533958435,0.18892252445220947,-0.15412478148937225,0.44904959201812744,0.5638613104820251,-0.06924304366111755,0.46399760246276855,0.3951118588447571,-0.11331359297037125,0.48074638843536377,0.2905387580394745,-0.14908652007579803,0.5022522211074829,0.2010265290737152,-0.17542314529418945,0.3765936493873596,0.6076955795288086,-0.08795613795518875,0.34916189312934875,0.4824424386024475,-0.13543976843357086,0.33911851048469543,0.3970227837562561,-0.16303125023841858,0.33737701177597046,0.3172878623008728,-0.18208612501621246
hello,0.4609953463077545,0.9198054671287537,4.2292467128390854e-07,0.5702713131904602,0.8808356523513794,-0.04999462515115738,0.6666534543037415,0.7808846235275269,-0.06961879134178162,0.7386783361434937,0.6946640014648438,-0.0868365615606308,0.8037970662117004,0.624808132648468,-0.10569480061531067,0.6296434998512268,0.5790807008743286,-0.04708114266395569,0.6811124682426453,0.44540825486183167,-0.08337187767028809,0.7128816843032837,0.3611549735069275,-0.112916961312294,0.7410699129104614,0.2847417891025543,-0.13740523159503937,0.572509765625,0.5476349592208862,-0.055008918046951294,0.6020188331604004,0.3773997724056244,-0.09015852212905884,0.6284189820289612,0.27111831307411194,-0.12296915054321289,0.6518299579620361,0.1790919005870819,-0.14956019818782806,0.5073974132537842,0.5577494502067566,-0.06994349509477615,0.5250688195228577,0.392559289932251,-0.11181585490703583,0.5470109581947327,0.2885863184928894,-0.14516021311283112,0.5728347897529602,0.19533273577690125,-0.1694013476371765,0.43892884254455566,0.6019536852836609,-0.08921923488378525,0.42099446058273315,0.47673195600509644,-0.13506147265434265,0.42056891322135925,0.3926146626472473,-0.1622912436723709,0.42930495738983154,0.3115386962890625,-0.18081970512866974
hello,0.4761684536933899,0.9127172231674194,4.445323895652109e-07,0.586715579032898,0.8700111508369446,-0.0472576841711998,0.6823339462280273,0.7689095139503479,-0.06636376678943634,0.7527933716773987,0.6859766840934753,-0.08404918760061264,0.8156453967094421,0.6147000789642334,-0.10340265929698944,0.6422725319862366,0.5735995769500732,-0.04215973988175392,0.6949318647384644,0.44298094511032104,-0.07742549479007721,0.7273728847503662,0.36059990525245667,-0.10614439100027084,0.7567809820175171,0.28672415018081665,-0.13042646646499634,0.586227297782898,0.543849527835846,-0.05208868160843849,0.6183781027793884,0.3770318031311035,-0.08725147694349289,0.6464035511016846,0.27333563566207886,-0.120115727186203,0.6720016598701477,0.1859024167060852,-0.1468999832868576,0.5223790407180786,0.5546524524688721,-0.06922657787799835,0.5436006784439087,0.3903878927230835,-0.1114223375916481,0.5682749152183533,0.2876656949520111,-0.1454547494649887,0.5965745449066162,0.197149395942688,-0.17061518132686615,0.4560090899467468,0.5986625552177429,-0.09055393934249878,0.43970268964767456,0.4777471423149109,-0.13730375468730927,0.44153258204460144,0.39295631647109985,-0.16615797579288483,0.45285946130752563,0.31095778942108154,-0.1864292174577713
hello,0.46117955446243286,0.9268536567687988,3.1098275599106273e-07,0.5708860158920288,0.8830106258392334,-0.04376107454299927,0.6654655933380127,0.7811588644981384,-0.060247503221035004,0.7339203357696533,0.6960551738739014,-0.07579993456602097,0.7938240170478821,0.6264962553977966,-0.0929979681968689,0.6275597810745239,0.5868979096412659,-0.038899362087249756,0.6781587600708008,0.45626968145370483,-0.07355910539627075,0.7092487215995789,0.37635916471481323,-0.1016046479344368,0.7370308637619019,0.3056155741214752,-0.1249663233757019,0.571262538433075,0.5576046109199524,-0.04848610237240791,0.6011254191398621,0.3930363059043884,-0.08238803595304489,0.626520574092865,0.2943493127822876,-0.11333561688661575,0.6497260332107544,0.20995548367500305,-0.13850073516368866,0.5078864097595215,0.5686387419700623,-0.06487829238176346,0.5248199105262756,0.40901854634284973,-0.10483716428279877,0.5467086434364319,0.3084031343460083,-0.13630971312522888,0.5729986429214478,0.21863651275634766,-0.15963804721832275,0.44136369228363037,0.6125485301017761,-0.08526536822319031,0.4229409694671631,0.49539437890052795,-0.12896375358104706,0.42539024353027344,0.41211456060409546,-0.15552003681659698,0.4371646046638489,0.33063897490501404,-0.17410068213939667
hello,0.3111835718154907,0.9643449783325195,4.915584099762782e-07,0.41058996319770813,0.9195691347122192,-0.05992484465241432,0.4930833876132965,0.8099812269210815,-0.08188601583242416,0.5562351942062378,0.7172125577926636,-0.09880153834819794,0.6150810718536377,0.6485159993171692,-0.11683276295661926,0.4470054507255554,0.6142984628677368,-0.0584457702934742,0.4885305166244507,0.47281092405319214,-0.0951073169708252,0.5130454301834106,0.382345050573349,-0.12461394816637039,0.5327193140983582,0.30140721797943115,-0.14871016144752502,0.38062745332717896,0.5826389193534851,-0.06019304320216179,0.39641842246055603,0.4080682694911957,-0.09290112555027008,0.4109637439250946,0.30262085795402527,-0.12329380959272385,0.422525554895401,0.21346983313560486,-0.14819195866584778,0.31223008036613464,0.5972370505332947,-0.0691017135977745,0.3175933361053467,0.43601280450820923,-0.10856427252292633,0.3272925019264221,0.33079904317855835,-0.13976019620895386,0.3398003876209259,0.23733597993850708,-0.16284994781017303,0.24421045184135437,0.6468912959098816,-0.08324941247701645,0.21767593920230865,0.526907742023468,-0.12726880609989166,0.20483487844467163,0.4471157491207123,-0.15169519186019897,0.1994984745979309,0.37068045139312744,-0.16803693771362305
hello,0.2781868577003479,0.9426754713058472,5.575681143454858e-07,0.3876490592956543,0.8970286846160889,-0.07187126576900482,0.47607162594795227,0.7889028787612915,-0.09776958078145981,0.536054790019989,0.6910285949707031,-0.11670701205730438,0.5950374007225037,0.6126060485839844,-0.13559278845787048,0.422661691904068,0.5872493386268616,-0.06004466116428375,0.4639197289943695,0.44113391637802124,-0.09229631721973419,0.48660939931869507,0.35059574246406555,-0.11892525106668472,0.5033180117607117,0.26850995421409607,-0.14199283719062805,0.3533416986465454,0.555965781211853,-0.056480731815099716,0.37102949619293213,0.37727439403533936,-0.08434738218784332,0.3834892809391022,0.27131012082099915,-0.11321127414703369,0.392153263092041,0.179444819688797,-0.13830874860286713,0.28383511304855347,0.5697847008705139,-0.061903271824121475,0.28800857067108154,0.4075343906879425,-0.10002769529819489,0.2977936863899231,0.3026922941207886,-0.1348462998867035,0.3091760277748108,0.2047525942325592,-0.16162236034870148,0.21634937822818756,0.6152796149253845,-0.07385710626840591,0.19196689128875732,0.4985904395580292,-0.11874601244926453,0.1781572699546814,0.42061421275138855,-0.14742685854434967,0.17275580763816833,0.34263280034065247,-0.1680842936038971
hello,0.2682763934135437,0.8391115665435791,4.807628215530713e-07,0.37663036584854126,0.7889043092727661,-0.05918297544121742,0.4655407667160034,0.6785180568695068,-0.0755278691649437,0.5287707448005676,0.575954258441925,-0.08637826889753342,0.5768700838088989,0.4918959438800812,-0.09743116050958633,0.41127702593803406,0.4714236259460449,-0.043160781264305115,0.4535716474056244,0.3240725100040436,-0.07071567326784134,0.4734767973423004,0.22923263907432556,-0.09546530246734619,0.487606406211853,0.14349570870399475,-0.11693491786718369,0.346750944852829,0.4402049481868744,-0.04157057777047157,0.36335283517837524,0.2642211318016052,-0.06619603931903839,0.3740633726119995,0.1533900499343872,-0.09501127898693085,0.380878746509552,0.05681276321411133,-0.1192760169506073,0.2802726626396179,0.452434778213501,-0.047678034752607346,0.28291213512420654,0.28738611936569214,-0.08141965419054031,0.2899022698402405,0.1814248263835907,-0.1142435148358345,0.2964821457862854,0.08608987927436829,-0.1387012004852295,0.2130405753850937,0.4989776015281677,-0.05920664966106415,0.18863345682621002,0.37908321619033813,-0.09895683079957962,0.17519113421440125,0.2988877296447754,-0.12445785105228424,0.16875681281089783,0.22177615761756897,-0.1418570876121521
hello,0.26490288972854614,0.881382167339325,4.1904291947503225e-07,0.37053191661834717,0.8396186232566833,-0.059079546481370926,0.4599127769470215,0.7338815331459045,-0.07671743631362915,0.5187430381774902,0.6295591592788696,-0.08872935175895691,0.5703083276748657,0.553200900554657,-0.10155687481164932,0.40293702483177185,0.5287516713142395,-0.04960592836141586,0.44180819392204285,0.38519951701164246,-0.07999983429908752,0.46013808250427246,0.2933938503265381,-0.10575631260871887,0.47330400347709656,0.21093949675559998,-0.12775801122188568,0.3388504385948181,0.4975541830062866,-0.04887015372514725,0.35459309816360474,0.32476675510406494,-0.0766221433877945,0.3639107048511505,0.21746477484703064,-0.10616447776556015,0.36833682656288147,0.12460717558860779,-0.13050909340381622,0.27313947677612305,0.5100546479225159,-0.05531242862343788,0.2753896117210388,0.34776151180267334,-0.09194935858249664,0.28142356872558594,0.24302437901496887,-0.12496934086084366,0.2876770496368408,0.14760634303092957,-0.14908045530319214,0.20638859272003174,0.5557910799980164,-0.06678487360477448,0.18074043095111847,0.43536776304244995,-0.10910500586032867,0.1662299931049347,0.3557588458061218,-0.1351834386587143,0.15840676426887512,0.2782856225967407,-0.15260103344917297
hello,0.23579493165016174,0.894202709197998,4.691470110174123e-07,0.3426777124404907,0.8606498837471008,-0.044769007712602615,0.4295943081378937,0.7591564655303955,-0.0562848225235939,0.49270349740982056,0.6576954126358032,-0.06170869246125221,0.5408266186714172,0.5824769735336304,-0.06899376958608627,0.3712887763977051,0.5872827172279358,-0.0444742850959301,0.40553736686706543,0.44322991371154785,-0.06434653699398041,0.42137688398361206,0.34650489687919617,-0.08268464356660843,0.43037912249565125,0.263546884059906,-0.09985882043838501,0.3062915802001953,0.5615919828414917,-0.043760303407907486,0.31649965047836304,0.3945375382900238,-0.0650690570473671,0.32283058762550354,0.28407377004623413,-0.09244179725646973,0.3255993723869324,0.1950128972530365,-0.11588626354932785,0.23957215249538422,0.570816695690155,-0.046743519604206085,0.2387957125902176,0.40898680686950684,-0.07725463807582855,0.24126388132572174,0.3001493811607361,-0.10878416895866394,0.24234162271022797,0.21085160970687866,-0.13254928588867188,0.17695313692092896,0.6128454804420471,-0.05241388827562332,0.1471731960773468,0.4925543963909149,-0.09066564589738846,0.12839165329933167,0.4106331467628479,-0.11538080871105194,0.11776220798492432,0.33723771572113037,-0.1316903531551361
hello,0.24757316708564758,0.8577099442481995,4.4598988324651145e-07,0.35396677255630493,0.8131229877471924,-0.054504405707120895,0.44085991382598877,0.7058519124984741,-0.06770937144756317,0.5007005333900452,0.6020010113716125,-0.07582654058933258,0.5507494211196899,0.5269713997840881,-0.08406221121549606,0.3854352533817291,0.5030199289321899,-0.033109184354543686,0.4217209219932556,0.3611472547054291,-0.05558408796787262,0.43801814317703247,0.2704932689666748,-0.07683995366096497,0.4488365948200226,0.19151294231414795,-0.09574174880981445,0.32113850116729736,0.4745374619960785,-0.03083517588675022,0.33484208583831787,0.30707502365112305,-0.0509662926197052,0.34343793988227844,0.20316526293754578,-0.07712459564208984,0.3491348922252655,0.11353975534439087,-0.09927327930927277,0.2567759156227112,0.48729369044303894,-0.036009494215250015,0.2582305669784546,0.32829752564430237,-0.06626463681459427,0.2642226219177246,0.2278575301170349,-0.0970214307308197,0.2706395983695984,0.13783204555511475,-0.11990657448768616,0.1925012320280075,0.5322836637496948,-0.0461437962949276,0.16833128035068512,0.4157673120498657,-0.08324498683214188,0.1549738645553589,0.3384348154067993,-0.10739269107580185,0.15011939406394958,0.2638009190559387,-0.12373251467943192
hello,0.24326512217521667,0.8243905901908875,4.735818777135137e-07,0.35169491171836853,0.7788574695587158,-0.05301887169480324,0.4376784563064575,0.6658784747123718,-0.06497770547866821,0.49728459119796753,0.5614506006240845,-0.07220099866390228,0.548535168170929,0.4855250120162964,-0.07972277700901031,0.38159212470054626,0.4690514802932739,-0.030433012172579765,0.41803333163261414,0.3285626173019409,-0.051761288195848465,0.43576541543006897,0.23661726713180542,-0.07261519134044647,0.4473745822906494,0.15635958313941956,-0.09161538630723953,0.31833386421203613,0.4412446916103363,-0.028948403894901276,0.33305245637893677,0.2758876085281372,-0.04810595512390137,0.3436482548713684,0.17004084587097168,-0.07419513911008835,0.3499990403652191,0.07867202162742615,-0.09663362801074982,0.25399261713027954,0.4539235830307007,-0.034978851675987244,0.2574407458305359,0.2943713366985321,-0.0642775148153305,0.2637571692466736,0.191608726978302,-0.09569170325994492,0.2701098322868347,0.09838151931762695,-0.11950881779193878,0.1898597627878189,0.49855029582977295,-0.045912839472293854,0.16612868010997772,0.3824310898780823,-0.08299054205417633,0.15310075879096985,0.3031286299228668,-0.10824309289455414,0.1480010449886322,0.22636839747428894,-0.12570863962173462
hello,0.24021416902542114,0.8098982572555542,4.4655777742264036e-07,0.34739023447036743,0.7660977244377136,-0.05300670489668846,0.43459591269493103,0.6588926911354065,-0.06580474227666855,0.4944915175437927,0.5570998787879944,-0.07353842258453369,0.5422067046165466,0.48014986515045166,-0.08180857449769974,0.3751542270183563,0.4636252820491791,-0.034465957432985306,0.410951167345047,0.3223744034767151,-0.05812247097492218,0.4283871054649353,0.22964701056480408,-0.0804341733455658,0.439872682094574,0.14842507243156433,-0.10005579143762589,0.31294697523117065,0.4369795322418213,-0.03272292762994766,0.32581907510757446,0.27058422565460205,-0.05483110621571541,0.334717720746994,0.1659824550151825,-0.08233248442411423,0.3408554494380951,0.07612782716751099,-0.10537222027778625,0.2495303899049759,0.4492679834365845,-0.03809114173054695,0.2515326738357544,0.28751206398010254,-0.06938790529966354,0.2579892575740814,0.18357256054878235,-0.10117392987012863,0.26478058099746704,0.09172296524047852,-0.12482859939336777,0.18714575469493866,0.49266549944877625,-0.048139702528715134,0.1624804586172104,0.3744446635246277,-0.08595572412014008,0.1486547291278839,0.2919478118419647,-0.11104901880025864,0.1423695981502533,0.21398398280143738,-0.1281152218580246
hello,0.1708032488822937,0.9317395687103271,4.764281982261309e-07,0.2763102352619171,0.8967489004135132,-0.04724160581827164,0.36621323227882385,0.7963403463363647,-0.06022925674915314,0.4309866428375244,0.6946921348571777,-0.06693113595247269,0.4774702191352844,0.6177211999893188,-0.0755298063158989,0.3103255331516266,0.6130671501159668,-0.043110158294439316,0.33811232447624207,0.46416378021240234,-0.061730001121759415,0.34991976618766785,0.36566221714019775,-0.08101581037044525,0.35826489329338074,0.2809624671936035,-0.09933147579431534,0.2441122680902481,0.5937798023223877,-0.04173009842634201,0.2488766312599182,0.4212656021118164,-0.0618031844496727,0.25360822677612305,0.3106691241264343,-0.09224232286214828,0.25525203347206116,0.22279372811317444,-0.11851069331169128,0.17887018620967865,0.6095157861709595,-0.04375458136200905,0.17426680028438568,0.44943374395370483,-0.07441376149654388,0.17185533046722412,0.3410383462905884,-0.10757932811975479,0.16893434524536133,0.2528654932975769,-0.1318928450345993,0.11729443073272705,0.6525766253471375,-0.04865959286689758,0.08879274129867554,0.5343339443206787,-0.08590779453516006,0.07063537836074829,0.4507582187652588,-0.1093410775065422,0.060230374336242676,0.3770340085029602,-0.1244780495762825
hello,0.4118896722793579,0.9083083271980286,6.569106290044147e-07,0.5117883086204529,0.8817713856697083,-0.052177801728248596,0.6034014225006104,0.7916459441184998,-0.07501305639743805,0.6683239340782166,0.7106763124465942,-0.09408467262983322,0.7244800329208374,0.6433314681053162,-0.11453834176063538,0.5542010068893433,0.6263325214385986,-0.036831945180892944,0.5744617581367493,0.5125260949134827,-0.06984210014343262,0.5973660945892334,0.4504128098487854,-0.0989164486527443,0.6161160469055176,0.403720498085022,-0.11987904459238052,0.49431222677230835,0.6103160977363586,-0.034000977873802185,0.503422200679779,0.49647587537765503,-0.06297284364700317,0.5225198268890381,0.46768397092819214,-0.08833551406860352,0.5457677245140076,0.44506335258483887,-0.10769859701395035,0.43490180373191833,0.6230133175849915,-0.03785071149468422,0.43241578340530396,0.5346202850341797,-0.07556599378585815,0.442047655582428,0.5508840084075928,-0.08589135110378265,0.4577946960926056,0.5710103511810303,-0.09053315222263336,0.3807039260864258,0.6536592841148376,-0.046449944376945496,0.3767111301422119,0.5895870327949524,-0.07869478315114975,0.37989938259124756,0.6215670704841614,-0.07940169423818588,0.38585108518600464,0.6647694706916809,-0.07700183242559433
hello,0.6909193992614746,0.7894304394721985,5.27794156823802e-07,0.787009060382843,0.7556273937225342,-0.03830438852310181,0.8802821040153503,0.6557599902153015,-0.0508527010679245,0.9507884979248047,0.5712149739265442,-0.06226598098874092,1.0157009363174438,0.5226929187774658,-0.07407858967781067,0.8423845767974854,0.4533098638057709,-0.021715950220823288,0.8954107165336609,0.335551917552948,-0.05098138004541397,0.934289276599884,0.2608262300491333,-0.07675725966691971,0.9682558178901672,0.20131736993789673,-0.09752918779850006,0.7939040064811707,0.4169575870037079,-0.02884780429303646,0.831984281539917,0.26173633337020874,-0.057147350162267685,0.8716099858283997,0.16753670573234558,-0.08540114015340805,0.9078406095504761,0.09441384673118591,-0.1071023941040039,0.7429906725883484,0.41896238923072815,-0.04265609756112099,0.7709280848503113,0.26361554861068726,-0.07637068629264832,0.8069103360176086,0.17128390073776245,-0.10467911511659622,0.844073474407196,0.09674984216690063,-0.12475565075874329,0.6872044801712036,0.4534400999546051,-0.060144077986478806,0.6809725165367126,0.3353787660598755,-0.09856034070253372,0.6953627467155457,0.25215262174606323,-0.12263869494199753,0.7184114456176758,0.1751410961151123,-0.13856764137744904
hello,0.7965812683105469,0.7857205867767334,4.3058381038463267e-07,0.8797572255134583,0.7643962502479553,-0.015768766403198242,0.9598233103752136,0.6859335899353027,-0.020793111994862556,1.009962558746338,0.627906084060669,-0.028810624033212662,1.0460829734802246,0.5812541842460632,-0.038097117096185684,0.9389938712120056,0.47180694341659546,-0.002391439164057374,0.9906027913093567,0.36774614453315735,-0.02625408209860325,1.0320196151733398,0.3084108233451843,-0.04903353005647659,1.0650807619094849,0.26376187801361084,-0.06645253300666809,0.9008516073226929,0.44152551889419556,-0.018552223220467567,0.9390395879745483,0.29506754875183105,-0.04167506471276283,0.9772639870643616,0.1998872458934784,-0.067000612616539,1.009530782699585,0.12438192963600159,-0.08588018268346786,0.8593477606773376,0.4426352083683014,-0.03951399400830269,0.888359010219574,0.2927186191082001,-0.06559480726718903,0.9290399551391602,0.20003017783164978,-0.0914057046175003,0.9679065942764282,0.12619194388389587,-0.11012358218431473,0.8105785846710205,0.4725132882595062,-0.06234337389469147,0.8062808513641357,0.35250014066696167,-0.09347027540206909,0.8243239521980286,0.26975494623184204,-0.11320746690034866,0.850267231464386,0.19675353169441223,-0.1265415996313095
hello,0.5692176818847656,0.8143713474273682,5.95518088175595e-07,0.6461478471755981,0.7729485034942627,-0.04454793035984039,0.7262296676635742,0.6675478219985962,-0.060796741396188736,0.7904670834541321,0.5900726318359375,-0.07532332837581635,0.8440368175506592,0.5331298112869263,-0.09063223749399185,0.6777520179748535,0.4629145860671997,-0.03654703497886658,0.7223376631736755,0.33714044094085693,-0.06684903055429459,0.7557974457740784,0.2656383514404297,-0.09193442761898041,0.7869603037834167,0.2114354968070984,-0.11229723691940308,0.619652509689331,0.4389331638813019,-0.0415041409432888,0.6269494891166687,0.27656468749046326,-0.07264267653226852,0.650627851486206,0.17857161164283752,-0.10462049394845963,0.6749346852302551,0.10611921548843384,-0.1301327794790268,0.5640828609466553,0.4579213559627533,-0.0528278574347496,0.5497156381607056,0.3046536445617676,-0.09288742393255234,0.5656777024269104,0.22770322859287262,-0.12676186859607697,0.5862962603569031,0.17688414454460144,-0.15009914338588715,0.512150764465332,0.5082454085350037,-0.0678224191069603,0.4911866784095764,0.39961546659469604,-0.11021041870117188,0.49389857053756714,0.34497517347335815,-0.13737979531288147,0.504051923751831,0.3074988126754761,-0.15566976368427277
hello,0.34858912229537964,0.8554843068122864,4.7123626245593186e-07,0.4563862383365631,0.8034323453903198,-0.0546746626496315,0.5502086281776428,0.6946627497673035,-0.0718616470694542,0.6204528212547302,0.6024380922317505,-0.08618038147687912,0.6747092604637146,0.5209121704101562,-0.1017003133893013,0.4964008927345276,0.496354341506958,-0.038814034312963486,0.5467236638069153,0.35806766152381897,-0.07180769741535187,0.5771627426147461,0.2716045379638672,-0.10004284232854843,0.6030751466751099,0.1959168016910553,-0.12334595620632172,0.4391170144081116,0.46777552366256714,-0.041532766073942184,0.45818156003952026,0.2914670705795288,-0.07196488976478577,0.47598180174827576,0.18820500373840332,-0.1045059785246849,0.4928245544433594,0.10066857933998108,-0.1312410533428192,0.37822210788726807,0.4786989092826843,-0.052073780447244644,0.3852916359901428,0.31178349256515503,-0.08941476792097092,0.39670634269714355,0.2062336504459381,-0.1214912012219429,0.4120168685913086,0.11545079946517944,-0.14551785588264465,0.3159298896789551,0.5215246081352234,-0.06791051477193832,0.295890212059021,0.3990094065666199,-0.1079263761639595,0.2883901000022888,0.31718602776527405,-0.13176363706588745,0.2878939211368561,0.24051329493522644,-0.14867782592773438
hello,0.26715999841690063,0.8796961903572083,5.167307790543418e-07,0.37274208664894104,0.8306189775466919,-0.05646729841828346,0.46177196502685547,0.7257009148597717,-0.07399841398000717,0.5267685651779175,0.6300427317619324,-0.08660970628261566,0.5793046951293945,0.5521747469902039,-0.099871426820755,0.40722665190696716,0.5239125490188599,-0.04425531625747681,0.4477478265762329,0.3800326883792877,-0.0733814612030983,0.4680137634277344,0.28619828820228577,-0.09863827377557755,0.4823777377605438,0.2041817307472229,-0.11987991631031036,0.34346333146095276,0.49345213174819946,-0.04454316571354866,0.36110973358154297,0.3182345926761627,-0.07027514278888702,0.3738691210746765,0.21052557229995728,-0.09930551797151566,0.3826627731323242,0.1191144585609436,-0.12335456162691116,0.27775874733924866,0.5063104629516602,-0.05207206308841705,0.2811233699321747,0.34230363368988037,-0.08601456135511398,0.28943631052970886,0.23542433977127075,-0.11828553676605225,0.2985055148601532,0.14154455065727234,-0.14229415357112885,0.21185100078582764,0.5524978637695312,-0.06464127451181412,0.18809063732624054,0.433218389749527,-0.10454732179641724,0.17530092597007751,0.3523343801498413,-0.1294456273317337,0.16985395550727844,0.2746734023094177,-0.14627666771411896
hello,0.23723605275154114,0.9037270545959473,5.011046368963434e-07,0.34664130210876465,0.8612805604934692,-0.05562920868396759,0.435979425907135,0.751598596572876,-0.06931018829345703,0.4981844127178192,0.6477512717247009,-0.07799248397350311,0.5469472408294678,0.5694690346717834,-0.08687379956245422,0.3791055977344513,0.5504931807518005,-0.03561784699559212,0.41995006799697876,0.40702539682388306,-0.05834326148033142,0.4383313059806824,0.31386852264404297,-0.07936815917491913,0.4504950940608978,0.23295575380325317,-0.09842494875192642,0.31349897384643555,0.5200061202049255,-0.03397582471370697,0.32832640409469604,0.35009804368019104,-0.05424356833100319,0.33880823850631714,0.24224480986595154,-0.08109453320503235,0.34528109431266785,0.1503572165966034,-0.10406868159770966,0.2469436526298523,0.5320230722427368,-0.039874233305454254,0.24756918847560883,0.3715919256210327,-0.07071414589881897,0.25574052333831787,0.26791584491729736,-0.10339643061161041,0.26308709383010864,0.17495250701904297,-0.12810362875461578,0.18070688843727112,0.5780829191207886,-0.050774455070495605,0.15652288496494293,0.4627591371536255,-0.08941628038883209,0.14353683590888977,0.38299816846847534,-0.11552353203296661,0.1377837359905243,0.3056860864162445,-0.1335313320159912
hello,0.23631906509399414,0.8883485794067383,4.5431588091560116e-07,0.3419373631477356,0.8440001010894775,-0.055974241346120834,0.4289049506187439,0.7354905009269714,-0.07150443643331528,0.48781532049179077,0.6330122947692871,-0.08169112354516983,0.5356801152229309,0.5573251247406006,-0.09270499646663666,0.3699118494987488,0.5335211157798767,-0.04519181698560715,0.4059138894081116,0.388954758644104,-0.0734064131975174,0.42258620262145996,0.2972848415374756,-0.09833241999149323,0.43414321541786194,0.21520644426345825,-0.11979492008686066,0.30478137731552124,0.505003035068512,-0.0445169135928154,0.31572654843330383,0.33377400040626526,-0.07106403261423111,0.3226078152656555,0.22467908263206482,-0.10110190510749817,0.3249666690826416,0.12960970401763916,-0.1258164793252945,0.2387165129184723,0.5187678337097168,-0.050664495676755905,0.23719629645347595,0.3577304780483246,-0.08625506609678268,0.2408992499113083,0.2513749599456787,-0.1197887733578682,0.24414965510368347,0.155223548412323,-0.1441856324672699,0.17249463498592377,0.5658235549926758,-0.06144796311855316,0.14653895795345306,0.4469364881515503,-0.10252645611763,0.13076254725456238,0.3666715621948242,-0.1280849277973175,0.12137225270271301,0.28852179646492004,-0.1451307237148285
hello,0.27178505063056946,0.8815049529075623,5.003743694942386e-07,0.3750033974647522,0.8353195786476135,-0.05951397493481636,0.46479710936546326,0.7330328226089478,-0.0779062807559967,0.5280114412307739,0.6350728273391724,-0.09045139700174332,0.5817179083824158,0.5608968734741211,-0.10356026887893677,0.4078366458415985,0.5303223133087158,-0.05054453760385513,0.4481738805770874,0.3870426416397095,-0.08061643689870834,0.46763715147972107,0.2947283089160919,-0.10610104352235794,0.4819575548171997,0.21231290698051453,-0.12746794521808624,0.3424752950668335,0.49701401591300964,-0.04884183779358864,0.3599165081977844,0.32264986634254456,-0.07546024769544601,0.3712586760520935,0.21741825342178345,-0.1036897525191307,0.379069447517395,0.12809142470359802,-0.1266544610261917,0.27650344371795654,0.5079760551452637,-0.05421093851327896,0.27906274795532227,0.34488964080810547,-0.08896093815565109,0.2853018045425415,0.2416592538356781,-0.11986181139945984,0.2926191985607147,0.1499779224395752,-0.14230293035507202,0.21030506491661072,0.5522593259811401,-0.06478774547576904,0.18662942945957184,0.43278974294662476,-0.10495121777057648,0.17226311564445496,0.3544497787952423,-0.12866716086864471,0.165226012468338,0.2789897322654724,-0.1440926492214203
hello,0.2979745864868164,0.8688222765922546,5.668447329298942e-07,0.4051748514175415,0.8196044564247131,-0.06257268041372299,0.4974353313446045,0.7139087319374084,-0.08214662969112396,0.5611281394958496,0.6144622564315796,-0.09624464064836502,0.6144561171531677,0.5319323539733887,-0.11020348221063614,0.4411681890487671,0.5022828578948975,-0.04522329941391945,0.4854218065738678,0.35627394914627075,-0.07536133378744125,0.5076786875724792,0.26309734582901,-0.10133658349514008,0.5245064496994019,0.181767076253891,-0.12301519513130188,0.37524840235710144,0.46980905532836914,-0.0428420789539814,0.3932444155216217,0.29263973236083984,-0.06983225047588348,0.407361775636673,0.18405193090438843,-0.09910478442907333,0.4190334975719452,0.09145572781562805,-0.12305605411529541,0.30871450901031494,0.4812500774860382,-0.04860339313745499,0.31425732374191284,0.31318962574005127,-0.08344040811061859,0.32377317547798157,0.20813405513763428,-0.11410108208656311,0.33629804849624634,0.11417025327682495,-0.13648325204849243,0.24198117852210999,0.5267564654350281,-0.060283318161964417,0.21996773779392242,0.4036658704280853,-0.10019862651824951,0.2095898687839508,0.3227698802947998,-0.124355249106884,0.20731881260871887,0.2439420521259308,-0.14037679135799408
hello,0.3092908561229706,0.8646979928016663,4.2644307995942654e-07,0.4250040650367737,0.8141164779663086,-0.05868515372276306,0.5201080441474915,0.7007501721382141,-0.07517500221729279,0.5858536958694458,0.5963926911354065,-0.08724160492420197,0.641823947429657,0.5148783326148987,-0.09981653839349747,0.46350255608558655,0.49136656522750854,-0.0389406643807888,0.5087352395057678,0.3441234230995178,-0.06533385813236237,0.5323659181594849,0.2526281476020813,-0.0894109457731247,0.5511345863342285,0.16898903250694275,-0.11118520051240921,0.39834895730018616,0.4599107801914215,-0.038670070469379425,0.41613146662712097,0.2820715308189392,-0.06247926875948906,0.4283146560192108,0.17417722940444946,-0.09084689617156982,0.43845853209495544,0.07945984601974487,-0.11562597006559372,0.3311394453048706,0.4714176654815674,-0.04656771942973137,0.3392372131347656,0.30500948429107666,-0.08060905337333679,0.3496178984642029,0.1998753547668457,-0.11331015080213547,0.3617191016674042,0.10408496856689453,-0.1383371204137802,0.26260197162628174,0.5163363218307495,-0.060008324682712555,0.24056470394134521,0.3930862843990326,-0.10076837241649628,0.2297258973121643,0.31099873781204224,-0.12663564085960388,0.22674033045768738,0.23170676827430725,-0.14480844140052795
hello,0.3128891885280609,0.8687809705734253,4.3656697812366474e-07,0.42902714014053345,0.8249115943908691,-0.0646611750125885,0.5224592089653015,0.7172515392303467,-0.08520437031984329,0.5901910662651062,0.6195139288902283,-0.10049526393413544,0.6430649161338806,0.5353995561599731,-0.11613699793815613,0.4716035723686218,0.504181981086731,-0.045440372079610825,0.517146646976471,0.35348355770111084,-0.07443344593048096,0.5423088669776917,0.26235151290893555,-0.10078735649585724,0.5618478655815125,0.1786521077156067,-0.12412169575691223,0.40572866797447205,0.4731658697128296,-0.043250810354948044,0.4274764060974121,0.2948371171951294,-0.06993640214204788,0.44119107723236084,0.1859758496284485,-0.10158367455005646,0.4529891610145569,0.08984047174453735,-0.12905371189117432,0.3379508852958679,0.48393404483795166,-0.049517612904310226,0.350536584854126,0.3189244866371155,-0.08530440926551819,0.3625277280807495,0.21220752596855164,-0.12082283943891525,0.37689292430877686,0.11477881669998169,-0.14826999604701996,0.27043288946151733,0.5275765061378479,-0.061801645904779434,0.2484649419784546,0.4077998101711273,-0.10284221172332764,0.23962604999542236,0.3249961733818054,-0.1301732212305069,0.23970484733581543,0.2455550730228424,-0.15022151172161102
hello,0.3151686191558838,0.8718161582946777,5.147576302988455e-07,0.43987008929252625,0.8269691467285156,-0.06638742983341217,0.5335071086883545,0.7190538048744202,-0.08908683806657791,0.5973066091537476,0.6189098358154297,-0.10707096010446548,0.6516534686088562,0.5308665037155151,-0.12607015669345856,0.4816550016403198,0.50982266664505,-0.04195642098784447,0.5267334580421448,0.3601757884025574,-0.06957918405532837,0.5523316264152527,0.2695934474468231,-0.09538669884204865,0.5728610754013062,0.18559357523918152,-0.11911072582006454,0.41545602679252625,0.4805249869823456,-0.040563229471445084,0.43763798475265503,0.3033444285392761,-0.06638014316558838,0.4552316963672638,0.1980777382850647,-0.09975814819335938,0.4726446866989136,0.10478094220161438,-0.12920498847961426,0.34545886516571045,0.4913914203643799,-0.048333197832107544,0.35472744703292847,0.32042473554611206,-0.08507799357175827,0.36741167306900024,0.2138846516609192,-0.12492113560438156,0.3853295147418976,0.11668908596038818,-0.15606750547885895,0.2767428159713745,0.5341173410415649,-0.06221184507012367,0.25442489981651306,0.41421836614608765,-0.10488909482955933,0.24746939539909363,0.33007919788360596,-0.1364281326532364,0.2515740990638733,0.24761617183685303,-0.16063039004802704
hello,0.3493921458721161,0.8675214648246765,4.118617198400898e-07,0.4563051462173462,0.8214632272720337,-0.05617741867899895,0.5506872534751892,0.7201278805732727,-0.07556206732988358,0.6233258843421936,0.635170042514801,-0.09122230112552643,0.6769834160804749,0.5585507154464722,-0.1079256534576416,0.5039807558059692,0.5195543766021729,-0.04682321846485138,0.5518282651901245,0.37789100408554077,-0.08043697476387024,0.5783887505531311,0.2934020161628723,-0.10854282975196838,0.6018094420433044,0.2187180519104004,-0.13160523772239685,0.44336792826652527,0.4830303490161896,-0.04958232119679451,0.46565118432044983,0.3054223656654358,-0.07974037528038025,0.4816655218601227,0.20133045315742493,-0.11153669655323029,0.4966631531715393,0.11114710569381714,-0.13777439296245575,0.37900492548942566,0.48961296677589417,-0.059601426124572754,0.3876814544200897,0.3245769143104553,-0.0970916822552681,0.4008922576904297,0.21581655740737915,-0.1299133002758026,0.41717109084129333,0.12063321471214294,-0.15469710528850555,0.31330257654190063,0.530476987361908,-0.07466933876276016,0.29079270362854004,0.4069775342941284,-0.11533775925636292,0.28202176094055176,0.3246164321899414,-0.13883145153522491,0.2807614505290985,0.24749848246574402,-0.15542800724506378
hello,0.4349132180213928,0.8689506649971008,3.2051494258666935e-07,0.5427011251449585,0.8268275260925293,-0.04354522377252579,0.6419943571090698,0.7362781763076782,-0.0608920156955719,0.7070564031600952,0.6546738147735596,-0.07775639742612839,0.7608563303947449,0.5881112813949585,-0.09669100493192673,0.6086434125900269,0.5199189186096191,-0.029153626412153244,0.6533097624778748,0.39585620164871216,-0.05970628932118416,0.6750640869140625,0.31328994035720825,-0.08845431357622147,0.6874988079071045,0.24799057841300964,-0.11212798953056335,0.5468949675559998,0.49172595143318176,-0.03894614800810814,0.5660333633422852,0.3181363046169281,-0.06554453819990158,0.5864657759666443,0.2188083827495575,-0.10055858641862869,0.6036497354507446,0.1376020908355713,-0.130204439163208,0.48323482275009155,0.503937840461731,-0.05559936538338661,0.4901004433631897,0.3300924301147461,-0.09012427181005478,0.5056371092796326,0.22548946738243103,-0.1279948502779007,0.5237773656845093,0.1426440179347992,-0.15754525363445282,0.418312668800354,0.5499770045280457,-0.07617898285388947,0.38810300827026367,0.4236179292201996,-0.11763723194599152,0.37728503346443176,0.33398765325546265,-0.1468430757522583,0.3748556971549988,0.25525200366973877,-0.16777972877025604
hello,0.5071882009506226,0.885856032371521,4.781655889019021e-07,0.6154872179031372,0.8570941686630249,-0.050037484616041183,0.7153760194778442,0.7635505795478821,-0.06571030616760254,0.7873517274856567,0.6858795285224915,-0.07890775054693222,0.850996196269989,0.6265330910682678,-0.09305606037378311,0.6803810596466064,0.554545521736145,-0.036885134875774384,0.7348116636276245,0.43042701482772827,-0.06888139247894287,0.7708314061164856,0.3510867953300476,-0.0961051806807518,0.8013166785240173,0.28421422839164734,-0.11827598512172699,0.623510479927063,0.5166751146316528,-0.04153976961970329,0.6563315391540527,0.3527434468269348,-0.0705767571926117,0.6845155954360962,0.2523486912250519,-0.09993689507246017,0.7100836634635925,0.1696886420249939,-0.12351217120885849,0.5608762502670288,0.5208723545074463,-0.05384108051657677,0.5804204940795898,0.35918256640434265,-0.0895165503025055,0.6011921763420105,0.25967395305633545,-0.11986337602138519,0.6283401846885681,0.17531198263168335,-0.14185497164726257,0.4954834580421448,0.560725748538971,-0.0711364895105362,0.4816044569015503,0.4413371682167053,-0.11150918900966644,0.48455774784088135,0.35932785272598267,-0.13655170798301697,0.4981038272380829,0.2839246392250061,-0.15349642932415009
hello,0.5061739087104797,0.8919789791107178,5.037986738898326e-07,0.6139912605285645,0.8625379800796509,-0.050270698964595795,0.71479731798172,0.7727525234222412,-0.06750623136758804,0.7885239720344543,0.6946484446525574,-0.08298420906066895,0.8556377291679382,0.6364825367927551,-0.09945917129516602,0.6817352771759033,0.563392698764801,-0.0369197316467762,0.7416251301765442,0.4429040551185608,-0.07127460837364197,0.779666543006897,0.36498692631721497,-0.09920153021812439,0.8135240077972412,0.301870197057724,-0.12189162522554398,0.625480592250824,0.526084303855896,-0.04259267449378967,0.6602299213409424,0.363683819770813,-0.0752769261598587,0.692029595375061,0.26944586634635925,-0.10575074702501297,0.7230437397956848,0.19623124599456787,-0.13009801506996155,0.5626278519630432,0.530595064163208,-0.056227900087833405,0.5834805965423584,0.3706832528114319,-0.09552907943725586,0.6096004843711853,0.28057801723480225,-0.12499559670686722,0.6435011625289917,0.20798173546791077,-0.1462373286485672,0.496276319026947,0.5693599581718445,-0.0749121755361557,0.48470717668533325,0.45057666301727295,-0.11829914152622223,0.4948432445526123,0.37147754430770874,-0.14422523975372314,0.5166878700256348,0.3009064197540283,-0.16181428730487823
hello,0.44279977679252625,0.8781370520591736,2.9678699320356827e-07,0.5526046752929688,0.8283159732818604,-0.04152390733361244,0.6452974081039429,0.7209497690200806,-0.05239966884255409,0.7080575823783875,0.6244778633117676,-0.06205114722251892,0.7598583102226257,0.5522406101226807,-0.07299596816301346,0.5936999320983887,0.5303828120231628,-0.02621276117861271,0.6363716721534729,0.3987674415111542,-0.05418441444635391,0.6619488000869751,0.31783008575439453,-0.07956895977258682,0.6834595203399658,0.2453901767730713,-0.10119426995515823,0.5375638008117676,0.5032104253768921,-0.03293947875499725,0.5601499676704407,0.3400568962097168,-0.05938706547021866,0.5790231227874756,0.24099543690681458,-0.08778452128171921,0.5963113307952881,0.15504267811775208,-0.1113976389169693,0.47873008251190186,0.5140479803085327,-0.04662285000085831,0.4908455014228821,0.35713666677474976,-0.07964075356721878,0.5072483420372009,0.25909703969955444,-0.10907093435525894,0.5268396139144897,0.17205137014389038,-0.13097620010375977,0.41649067401885986,0.5570510625839233,-0.06457818299531937,0.3966192603111267,0.4371281564235687,-0.10231238603591919,0.3917418122291565,0.3532789647579193,-0.1262214034795761,0.3947347402572632,0.2735133469104767,-0.14275841414928436
hello,0.43993014097213745,0.868659257888794,3.779458097596944e-07,0.5555535554885864,0.818506121635437,-0.04819394275546074,0.644503653049469,0.7154430747032166,-0.06312078982591629,0.7035733461380005,0.6177693605422974,-0.07649312913417816,0.7578948736190796,0.5399854779243469,-0.09122644364833832,0.5912461280822754,0.5229803919792175,-0.02745908685028553,0.6343061327934265,0.38955429196357727,-0.05482018366456032,0.6611742973327637,0.30945032835006714,-0.08015239983797073,0.6841170787811279,0.23528754711151123,-0.1026541069149971,0.5335556268692017,0.4982767701148987,-0.03346820920705795,0.5562896728515625,0.3347906470298767,-0.06040108576416969,0.5757511854171753,0.23567050695419312,-0.09003787487745285,0.5927947759628296,0.15028271079063416,-0.11544783413410187,0.4726220965385437,0.5111597776412964,-0.04767771065235138,0.4871656596660614,0.35460203886032104,-0.0838204100728035,0.5035881996154785,0.25549253821372986,-0.11669113487005234,0.5237019062042236,0.16488906741142273,-0.14168135821819305,0.4098386764526367,0.5528876185417175,-0.06665541231632233,0.3905181586742401,0.43512117862701416,-0.10897089540958405,0.38466477394104004,0.353054940700531,-0.1366252899169922,0.3880404829978943,0.27329960465431213,-0.15651659667491913
hello,0.4087916612625122,0.8817230463027954,2.979327859975456e-07,0.5215173959732056,0.8220134973526001,-0.04760507494211197,0.6140427589416504,0.7100893259048462,-0.06097123771905899,0.6739867925643921,0.609527051448822,-0.07154704630374908,0.7264676690101624,0.5352724194526672,-0.08317065238952637,0.5571625828742981,0.5212243795394897,-0.03390498459339142,0.5958541631698608,0.3835204839706421,-0.06334841251373291,0.6171141266822815,0.2968303859233856,-0.09014806151390076,0.634526789188385,0.21861088275909424,-0.11271460354328156,0.49547696113586426,0.49330785870552063,-0.03836476057767868,0.5127805471420288,0.3252173066139221,-0.06478451937437057,0.528252899646759,0.2226039469242096,-0.09523840993642807,0.5421124696731567,0.1351538598537445,-0.12095842510461807,0.43257007002830505,0.5053063631057739,-0.0496530681848526,0.43934208154678345,0.34590160846710205,-0.08257582038640976,0.45332908630371094,0.24442946910858154,-0.11403593420982361,0.47091448307037354,0.15630638599395752,-0.13822631537914276,0.36805081367492676,0.5507348775863647,-0.06553070992231369,0.34160658717155457,0.43409234285354614,-0.10253528505563736,0.3339020609855652,0.3522626757621765,-0.12589946389198303,0.3348379135131836,0.2752976417541504,-0.14253129065036774
hello,0.46211135387420654,0.9066311120986938,3.1853446103013994e-07,0.5692940950393677,0.8518256545066833,-0.038352616131305695,0.6611320972442627,0.7525776028633118,-0.052783556282520294,0.727390706539154,0.6676439642906189,-0.06820880621671677,0.7837871313095093,0.5999121069908142,-0.08455473184585571,0.6246634721755981,0.559974730014801,-0.01970483362674713,0.6735109686851501,0.4349592924118042,-0.04949454218149185,0.7058619856834412,0.35949164628982544,-0.07586647570133209,0.7335243821144104,0.29386815428733826,-0.09723051637411118,0.5686241388320923,0.5306982398033142,-0.028652619570493698,0.5955882668495178,0.37579959630966187,-0.05597199872136116,0.620436429977417,0.2854478359222412,-0.08302301913499832,0.642379641532898,0.21233901381492615,-0.10494066774845123,0.5098835229873657,0.5385230183601379,-0.044929541647434235,0.5218634009361267,0.3856765329837799,-0.07639749348163605,0.5443219542503357,0.2955785095691681,-0.10159296542406082,0.572718620300293,0.22009742259979248,-0.12104843556880951,0.44851768016815186,0.5773646831512451,-0.06582121551036835,0.42836952209472656,0.4633461833000183,-0.10065825283527374,0.43379443883895874,0.38806480169296265,-0.12183346599340439,0.45013707876205444,0.319902628660202,-0.1368318498134613
hello,0.48662370443344116,0.9117887616157532,3.386359423984686e-07,0.5890456438064575,0.8621147871017456,-0.0377301350235939,0.6796444058418274,0.7634631991386414,-0.05168331041932106,0.7452508211135864,0.6842394471168518,-0.06620620936155319,0.8026810884475708,0.623252272605896,-0.08177630603313446,0.6416242122650146,0.5751240849494934,-0.025996653363108635,0.6883261203765869,0.4516417980194092,-0.057659752666950226,0.7199139595031738,0.3775547742843628,-0.08442658185958862,0.7478363513946533,0.31235313415527344,-0.10565658658742905,0.5877392888069153,0.5461562275886536,-0.03597485274076462,0.6160571575164795,0.39240163564682007,-0.06438525766134262,0.6413158774375916,0.30201777815818787,-0.09053255617618561,0.6635525822639465,0.22752845287322998,-0.11127167195081711,0.5299649834632874,0.5553640127182007,-0.05290457606315613,0.5432947278022766,0.40501588582992554,-0.08497171849012375,0.5651293396949768,0.3160208463668823,-0.10973489284515381,0.592656672000885,0.23983216285705566,-0.12838315963745117,0.46951282024383545,0.5964794158935547,-0.07435598224401474,0.4452899098396301,0.481887549161911,-0.10964187979698181,0.4466901123523712,0.40527161955833435,-0.13057512044906616,0.45861196517944336,0.33379051089286804,-0.14513422548770905
hello,0.44524192810058594,0.9196857810020447,2.0474779205414961e-07,0.5580462217330933,0.8685959577560425,-0.04504527524113655,0.6541957855224609,0.7601339221000671,-0.0595499686896801,0.7207531332969666,0.6666553616523743,-0.07284840941429138,0.7762835621833801,0.5937050580978394,-0.08750160783529282,0.6089683175086975,0.5687967538833618,-0.036742568016052246,0.6540984511375427,0.43299540877342224,-0.0700666606426239,0.6823135018348694,0.35308265686035156,-0.09768475592136383,0.7079759836196899,0.2844490110874176,-0.12022140622138977,0.5483610033988953,0.5386762022972107,-0.04330974444746971,0.5700502991676331,0.3695943057537079,-0.07535561919212341,0.5876072645187378,0.272991418838501,-0.10478493571281433,0.6045919060707092,0.19421839714050293,-0.12841859459877014,0.48568716645240784,0.5483094453811646,-0.056700773537158966,0.4955441951751709,0.38718026876449585,-0.09268294274806976,0.5114476084709167,0.28945931792259216,-0.12102226167917252,0.5336960554122925,0.20603719353675842,-0.142177551984787,0.4221847355365753,0.5916603207588196,-0.07469290494918823,0.39845022559165955,0.47340455651283264,-0.11281818151473999,0.3947846591472626,0.39005565643310547,-0.13585391640663147,0.40065687894821167,0.31279274821281433,-0.1519051045179367
hello,0.4737953543663025,0.9275262951850891,3.4015678807008953e-07,0.5834074020385742,0.8796707391738892,-0.04440722614526749,0.6755393147468567,0.7788652181625366,-0.06070036441087723,0.7426459789276123,0.6958192586898804,-0.07659980654716492,0.8033515214920044,0.6310917735099792,-0.09329935163259506,0.6378287076950073,0.5857037901878357,-0.030354084447026253,0.6861635446548462,0.4590982496738434,-0.06179950013756752,0.7185134291648865,0.3826853632926941,-0.08837265521287918,0.746343195438385,0.31663963198661804,-0.11023727059364319,0.581017017364502,0.555898129940033,-0.03801878169178963,0.6106843948364258,0.3967927098274231,-0.06596078723669052,0.636283814907074,0.3045135736465454,-0.09266355633735657,0.659534215927124,0.22817295789718628,-0.11496861279010773,0.5204259753227234,0.5652744174003601,-0.05342993140220642,0.536491870880127,0.41328293085098267,-0.08739989250898361,0.5585765838623047,0.322559118270874,-0.1147577166557312,0.5857169032096863,0.24410206079483032,-0.13570822775363922,0.45782798528671265,0.6053911447525024,-0.0738161951303482,0.4367077946662903,0.48945343494415283,-0.11281933635473251,0.4397757053375244,0.40985211730003357,-0.13763169944286346,0.45259082317352295,0.33502617478370667,-0.15530149638652802
hello,0.2886040210723877,0.9468814730644226,3.729053617007594e-07,0.3875623047351837,0.8939030170440674,-0.04706454277038574,0.48300373554229736,0.7763621807098389,-0.0625729039311409,0.5490118861198425,0.686529278755188,-0.0752418041229248,0.599560558795929,0.6166089773178101,-0.0897577553987503,0.41453129053115845,0.5810728669166565,-0.04803445190191269,0.45128050446510315,0.43299442529678345,-0.08335274457931519,0.47736039757728577,0.3473927080631256,-0.11239854246377945,0.4971838593482971,0.27725428342819214,-0.13495378196239471,0.34924980998039246,0.5579817891120911,-0.054265569895505905,0.356289803981781,0.380159854888916,-0.08644311875104904,0.3649864196777344,0.2756834924221039,-0.11805219203233719,0.37187761068344116,0.18919536471366882,-0.14375460147857666,0.2853095829486847,0.5758310556411743,-0.06658396869897842,0.281103253364563,0.4086390435695648,-0.10304563492536545,0.2838430404663086,0.3007306456565857,-0.13338424265384674,0.28948530554771423,0.2098657190799713,-0.15669450163841248,0.22298254072666168,0.6269115805625916,-0.08318527787923813,0.19214437901973724,0.503495454788208,-0.12174782156944275,0.17416512966156006,0.4194481670856476,-0.14343829452991486,0.16346272826194763,0.3423058092594147,-0.1588928997516632
hello,0.2911091446876526,1.0214941501617432,5.804294573863444e-07,0.39785292744636536,0.971709132194519,-0.06012851372361183,0.4895804226398468,0.8668918609619141,-0.08350463211536407,0.5544856786727905,0.764245867729187,-0.10146777331829071,0.6162074208259583,0.6898897290229797,-0.12017565220594406,0.4291055202484131,0.6569888591766357,-0.060517486184835434,0.47516533732414246,0.5047569870948792,-0.09395141154527664,0.5008611679077148,0.41024690866470337,-0.1196102499961853,0.520290195941925,0.326709508895874,-0.14145542681217194,0.3568198084831238,0.6245782971382141,-0.06262215971946716,0.3730621933937073,0.43984004855155945,-0.09504052996635437,0.38611048460006714,0.32498452067375183,-0.1257360726594925,0.39545780420303345,0.2263566553592682,-0.1504952609539032,0.28529906272888184,0.6411074995994568,-0.07115593552589417,0.2847723066806793,0.46922823786735535,-0.11111446470022202,0.290080189704895,0.3545650541782379,-0.1442781686782837,0.2975645065307617,0.25151461362838745,-0.1688328981399536,0.21405351161956787,0.6945095062255859,-0.08455178141593933,0.17954450845718384,0.5688404440879822,-0.13015510141849518,0.1609218418598175,0.48440492153167725,-0.15637099742889404,0.14983710646629333,0.4014018774032593,-0.17373673617839813
hello,0.282351553440094,0.9951604008674622,5.229041448728822e-07,0.387877881526947,0.9535320997238159,-0.05559949576854706,0.47737643122673035,0.8464089035987854,-0.07321468740701675,0.5381773114204407,0.7454386949539185,-0.08584021776914597,0.5942531824111938,0.6732089519500732,-0.0992579385638237,0.42362961173057556,0.6460199952125549,-0.04931124672293663,0.46791356801986694,0.5029194355010986,-0.07718775421380997,0.4912928342819214,0.41132524609565735,-0.09952987730503082,0.5080233812332153,0.3315490782260895,-0.1192941889166832,0.35506176948547363,0.6137951016426086,-0.05138949677348137,0.37480098009109497,0.4380243420600891,-0.07797922939062119,0.3894488215446472,0.3290158808231354,-0.10543953627347946,0.3991416394710541,0.23637068271636963,-0.12788085639476776,0.286777526140213,0.6285299062728882,-0.0601922869682312,0.289634644985199,0.46295246481895447,-0.09712216258049011,0.2987355887889862,0.35551637411117554,-0.13082881271839142,0.30903467535972595,0.25778406858444214,-0.15550796687602997,0.21875499188899994,0.6794952750205994,-0.07350153475999832,0.18997342884540558,0.559714138507843,-0.117845319211483,0.17414847016334534,0.47968801856040955,-0.14537198841571808,0.1659005880355835,0.4000704288482666,-0.16379930078983307
hello,0.26818913221359253,0.9941115379333496,4.970544296156731e-07,0.3767210841178894,0.9555725455284119,-0.055360157042741776,0.46888256072998047,0.8519831895828247,-0.07195122539997101,0.531565248966217,0.7506912350654602,-0.0834377184510231,0.588111400604248,0.6808844208717346,-0.0957135334610939,0.4135935604572296,0.6463242173194885,-0.04769488424062729,0.45900464057922363,0.5047809481620789,-0.07526243478059769,0.48122358322143555,0.4141768217086792,-0.09783584624528885,0.49692296981811523,0.3347763121128082,-0.11759063601493835,0.34494978189468384,0.6132847666740417,-0.04876437038183212,0.36445531249046326,0.4372279644012451,-0.07494301348924637,0.37854909896850586,0.3296350836753845,-0.1032024696469307,0.3880729377269745,0.2363540232181549,-0.12636685371398926,0.27638667821884155,0.62727290391922,-0.05634212866425514,0.27970588207244873,0.4624198377132416,-0.0917680412530899,0.28899288177490234,0.3560069799423218,-0.12491064518690109,0.29917657375335693,0.25844907760620117,-0.1492740660905838,0.20850054919719696,0.6777442693710327,-0.06838637590408325,0.18112552165985107,0.5565395355224609,-0.11070473492145538,0.16566118597984314,0.47592902183532715,-0.13697008788585663,0.157631516456604,0.3951798379421234,-0.15439587831497192
hello,0.2759791612625122,0.9944236278533936,5.02835121096723e-07,0.38361963629722595,0.9549453854560852,-0.05586177110671997,0.47368988394737244,0.8542563915252686,-0.074030302464962,0.5341182351112366,0.7547284960746765,-0.0871787741780281,0.591624915599823,0.6870912909507751,-0.10137518495321274,0.4189940094947815,0.6482740044593811,-0.04970916733145714,0.4629172086715698,0.5084935426712036,-0.07896362990140915,0.4851054251194,0.4181252121925354,-0.10288969427347183,0.5009146332740784,0.3389659523963928,-0.1236007884144783,0.3500669300556183,0.6163773536682129,-0.051441941410303116,0.36831849813461304,0.44197556376457214,-0.0795619785785675,0.3820791244506836,0.3347136676311493,-0.10889152437448502,0.3919212818145752,0.2419491708278656,-0.13272875547409058,0.2812693417072296,0.6313340067863464,-0.05975230783224106,0.28463178873062134,0.4677261710166931,-0.09759973734617233,0.2941001057624817,0.3606525957584381,-0.13189543783664703,0.30457454919815063,0.2629542052745819,-0.15680783987045288,0.21294623613357544,0.682641327381134,-0.07242510467767715,0.1854083091020584,0.5619642734527588,-0.11727592349052429,0.1697504222393036,0.4807770550251007,-0.14481881260871887,0.16160064935684204,0.39894822239875793,-0.16293050348758698
hello,0.1362164467573166,1.0014147758483887,3.3604524674046843e-07,0.2523992955684662,0.973904013633728,-0.05909739062190056,0.3544825315475464,0.8889274597167969,-0.0834694430232048,0.4229870140552521,0.7833432555198669,-0.10097810626029968,0.48378482460975647,0.7151291966438293,-0.12078014016151428,0.2993239164352417,0.6709921360015869,-0.06340763717889786,0.3362281024456024,0.5169288516044617,-0.09440643340349197,0.34437400102615356,0.4124138057231903,-0.12139080464839935,0.35300153493881226,0.3187390863895416,-0.14563120901584625,0.22135022282600403,0.6509047746658325,-0.06312274932861328,0.22010056674480438,0.45272719860076904,-0.09654658287763596,0.21646811068058014,0.3279710114002228,-0.13776808977127075,0.21663892269134521,0.21994173526763916,-0.1726195514202118,0.1450829654932022,0.6698834896087646,-0.06663546711206436,0.12489897012710571,0.49209386110305786,-0.10989832133054733,0.11612606048583984,0.3740828335285187,-0.15142324566841125,0.11142092943191528,0.27313345670700073,-0.18228338658809662,0.07569387555122375,0.719548225402832,-0.07359106093645096,0.03992253541946411,0.6121363639831543,-0.11777376383543015,0.018332868814468384,0.5400172472000122,-0.144346684217453,0.004118502140045166,0.4684104919433594,-0.16293828189373016
hello,0.13959206640720367,0.9633386135101318,3.674512640827743e-07,0.2601889967918396,0.9404435753822327,-0.05947663635015488,0.36968177556991577,0.8350562453269958,-0.07565976679325104,0.44032806158065796,0.7255562543869019,-0.08510800451040268,0.4910564422607422,0.64159095287323,-0.09772304445505142,0.3111219108104706,0.6191562414169312,-0.05217442288994789,0.3453267812728882,0.45715200901031494,-0.07764790207147598,0.3580642640590668,0.34939929842948914,-0.103560671210289,0.37083369493484497,0.2548869252204895,-0.1283542662858963,0.23576465249061584,0.5949020981788635,-0.05209711194038391,0.23454314470291138,0.40462633967399597,-0.07991563528776169,0.23568275570869446,0.2803232669830322,-0.12085694819688797,0.23680880665779114,0.1795760989189148,-0.15628883242607117,0.16294367611408234,0.612183690071106,-0.05724158138036728,0.1560083031654358,0.4378916919231415,-0.09747744351625443,0.15201310813426971,0.3192674517631531,-0.14181853830814362,0.15222182869911194,0.22261947393417358,-0.1757379025220871,0.09491443634033203,0.6597827076911926,-0.0665854662656784,0.06221267580986023,0.5357686281204224,-0.11590161919593811,0.04137822985649109,0.4411907196044922,-0.14941434562206268,0.03245854377746582,0.35654547810554504,-0.1732006072998047
hello,0.2754506468772888,0.970034122467041,5.569384597947646e-07,0.3931833505630493,0.9433033466339111,-0.0628303736448288,0.49910128116607666,0.8510949611663818,-0.0879138633608818,0.576674222946167,0.7665697932243347,-0.10787586122751236,0.6498137712478638,0.7064496278762817,-0.1292358934879303,0.4660399556159973,0.6263785362243652,-0.06514862179756165,0.5327932238578796,0.48936519026756287,-0.10326872766017914,0.5724928975105286,0.3992864489555359,-0.13265030086040497,0.6050783395767212,0.3188354969024658,-0.15790028870105743,0.40109872817993164,0.5852219462394714,-0.06915052980184555,0.4387953579425812,0.4053267240524292,-0.10563991963863373,0.4687080383300781,0.2942255735397339,-0.13928258419036865,0.4945361614227295,0.1986570954322815,-0.1674496829509735,0.3276144564151764,0.5913026928901672,-0.08066096901893616,0.35370323061943054,0.4195055663585663,-0.12665532529354095,0.3793683350086212,0.3087329864501953,-0.16524234414100647,0.4064025580883026,0.2083936333656311,-0.19409379363059998,0.25071120262145996,0.6333609223365784,-0.09715751558542252,0.2354460060596466,0.50283282995224,-0.15039806067943573,0.23165173828601837,0.4131671190261841,-0.18355537950992584,0.23522555828094482,0.32493942975997925,-0.20646648108959198
hello,0.2675967812538147,0.9343740344047546,5.183916300666169e-07,0.380082905292511,0.911090612411499,-0.05514414608478546,0.4842647314071655,0.825776219367981,-0.07734154909849167,0.5643866062164307,0.7488264441490173,-0.09540503472089767,0.6365441679954529,0.6949355602264404,-0.11536628007888794,0.45706233382225037,0.606952965259552,-0.060575444251298904,0.5223137140274048,0.4718520939350128,-0.0995476022362709,0.5649796724319458,0.38591042160987854,-0.13065363466739655,0.601272702217102,0.3072500228881836,-0.15654416382312775,0.3951925039291382,0.5618958473205566,-0.0670127347111702,0.4339315891265869,0.3867025673389435,-0.10480570793151855,0.46466848254203796,0.2769010663032532,-0.13998164236545563,0.49142083525657654,0.17949533462524414,-0.16826975345611572,0.3238373398780823,0.563919186592102,-0.07960429787635803,0.3493296504020691,0.3963133692741394,-0.12478693574666977,0.37531691789627075,0.2845892906188965,-0.16094732284545898,0.4022133946418762,0.18376752734184265,-0.18722400069236755,0.2476716935634613,0.6040462851524353,-0.09643731266260147,0.23337899148464203,0.4720013737678528,-0.14678357541561127,0.23065994679927826,0.38229596614837646,-0.17522692680358887,0.23491394519805908,0.2953653633594513,-0.1939323991537094
hello,0.25401008129119873,0.8790820837020874,6.10388099175907e-07,0.373393714427948,0.8672745823860168,-0.0639442652463913,0.48171910643577576,0.7905890345573425,-0.08732384443283081,0.5601556301116943,0.7088499665260315,-0.10505975782871246,0.6308209300041199,0.6496385335922241,-0.12373874336481094,0.45669955015182495,0.5594117641448975,-0.05553598329424858,0.5257510542869568,0.42701995372772217,-0.08718322962522507,0.5662535429000854,0.338849812746048,-0.1141313910484314,0.5978192090988159,0.2597140371799469,-0.13793790340423584,0.39464932680130005,0.5104173421859741,-0.0565945990383625,0.4383491277694702,0.3358134627342224,-0.0853068083524704,0.46931323409080505,0.2242194414138794,-0.11684086918830872,0.49316301941871643,0.1283016800880432,-0.14406070113182068,0.323824018239975,0.5069589018821716,-0.06560148298740387,0.35361769795417786,0.34174439311027527,-0.10448750853538513,0.3817325830459595,0.23253172636032104,-0.14153814315795898,0.40799134969711304,0.13445603847503662,-0.17008092999458313,0.24723203480243683,0.5386372208595276,-0.08009103685617447,0.2400195151567459,0.41028082370758057,-0.1273377388715744,0.23921944200992584,0.32273590564727783,-0.15781371295452118,0.24551144242286682,0.23790967464447021,-0.17923711240291595
hello,0.23471973836421967,0.8867595195770264,5.428399845186505e-07,0.35415399074554443,0.8801019787788391,-0.059235066175460815,0.46478888392448425,0.8018110990524292,-0.07831861078739166,0.5450373291969299,0.7185043692588806,-0.09225139021873474,0.6115003228187561,0.6575047969818115,-0.10715717822313309,0.4415547847747803,0.5712537169456482,-0.051613666117191315,0.5108236074447632,0.43632856011390686,-0.08281940221786499,0.5511677861213684,0.3445594906806946,-0.10860420763492584,0.5824617147445679,0.26388421654701233,-0.13118037581443787,0.3794935345649719,0.5204277038574219,-0.05330519378185272,0.4256821274757385,0.34729111194610596,-0.08321075886487961,0.4587770998477936,0.23623326420783997,-0.11491941660642624,0.48442134261131287,0.1409701406955719,-0.14139068126678467,0.3080657124519348,0.5154533982276917,-0.06224600598216057,0.3395993113517761,0.3492166996002197,-0.10245732218027115,0.3682064414024353,0.2394125759601593,-0.13909250497817993,0.39375221729278564,0.14244183897972107,-0.1662687063217163,0.2308332324028015,0.5470735430717468,-0.07599612325429916,0.22492972016334534,0.4181346893310547,-0.1232585534453392,0.22586293518543243,0.329668253660202,-0.1527985781431198,0.23293337225914001,0.24583151936531067,-0.17289239168167114
hello,0.18964004516601562,0.9129853248596191,6.08301661486621e-07,0.30997341871261597,0.9003740549087524,-0.06253261119127274,0.42166760563850403,0.8143264055252075,-0.08090316504240036,0.5028735995292664,0.7290734648704529,-0.09272705763578415,0.5678003430366516,0.664691150188446,-0.10556866973638535,0.39007192850112915,0.5912452340126038,-0.05060146749019623,0.4503692388534546,0.4477653503417969,-0.07754869759082794,0.4852869212627411,0.35140469670295715,-0.10330703109502792,0.5116503834724426,0.26456883549690247,-0.12680684030056,0.324343740940094,0.5438811182975769,-0.04938938468694687,0.36208781599998474,0.36844784021377563,-0.07522781193256378,0.38910308480262756,0.2578166127204895,-0.10788371413946152,0.4086771011352539,0.1643524169921875,-0.13624165952205658,0.2508682310581207,0.5415627360343933,-0.05551053583621979,0.273528516292572,0.36920297145843506,-0.09095638245344162,0.2918277084827423,0.2566472291946411,-0.12770624458789825,0.3080917298793793,0.15959861874580383,-0.15617433190345764,0.1747555434703827,0.5754139423370361,-0.06706615537405014,0.16213221848011017,0.4391435980796814,-0.11099783331155777,0.15673522651195526,0.3457699418067932,-0.14107352495193481,0.1603347212076187,0.2594515085220337,-0.16230155527591705
hello,0.17067894339561462,0.946173906326294,4.451260622317932e-07,0.2880752980709076,0.9385329484939575,-0.06307690590620041,0.3989690840244293,0.8506343364715576,-0.08228607475757599,0.47638094425201416,0.7636286020278931,-0.09481571614742279,0.5347561836242676,0.6979392766952515,-0.10924743860960007,0.35738158226013184,0.6189505457878113,-0.06216003745794296,0.40687769651412964,0.47008708119392395,-0.09178168326616287,0.43244418501853943,0.3711051046848297,-0.11804687231779099,0.4527086913585663,0.28239905834198,-0.1421254277229309,0.2876754105091095,0.5746645331382751,-0.06188703700900078,0.31719696521759033,0.39484143257141113,-0.09147078543901443,0.3364213705062866,0.2834753394126892,-0.1266145557165146,0.3498542606830597,0.18953076004981995,-0.15713217854499817,0.21469654142856598,0.5774363875389099,-0.06786981970071793,0.2266443520784378,0.40547072887420654,-0.10777643322944641,0.23622924089431763,0.2931891679763794,-0.14791692793369293,0.243899866938591,0.1972622573375702,-0.1787995845079422,0.14096112549304962,0.6150500774383545,-0.07878075540065765,0.11722826957702637,0.4819611608982086,-0.12658554315567017,0.10168901085853577,0.39177629351615906,-0.1587596833705902,0.09540700912475586,0.3082529902458191,-0.18168078362941742
hello,0.14123407006263733,0.983816921710968,3.131762298380636e-07,0.2633429169654846,0.9600813388824463,-0.05798305943608284,0.37306129932403564,0.8597707748413086,-0.07802461087703705,0.44677960872650146,0.7556864023208618,-0.09201066941022873,0.5083259344100952,0.6875115633010864,-0.10983005911111832,0.32036322355270386,0.6300293207168579,-0.06451046466827393,0.3595815598964691,0.4691307842731476,-0.0963892713189125,0.37422049045562744,0.3593558967113495,-0.12551742792129517,0.3873055577278137,0.2622024714946747,-0.15224692225456238,0.2465514838695526,0.6051499843597412,-0.0679912120103836,0.25438565015792847,0.4085575044155121,-0.10076460242271423,0.2588127553462982,0.27947378158569336,-0.14242225885391235,0.2616925835609436,0.17132914066314697,-0.178996741771698,0.17194902896881104,0.6237301230430603,-0.07599729299545288,0.1703004539012909,0.44010257720947266,-0.11832914501428604,0.16728758811950684,0.32101577520370483,-0.1608382761478424,0.16686423122882843,0.22191324830055237,-0.19395029544830322,0.098263680934906,0.6738114356994629,-0.08795202523469925,0.06471025943756104,0.5404406189918518,-0.13705840706825256,0.04478171467781067,0.4461909532546997,-0.16891643404960632,0.034853577613830566,0.3599820137023926,-0.19182901084423065
hello,0.2269570678472519,0.9145565629005432,5.522490482690046e-07,0.34366706013679504,0.9013428092002869,-0.059528566896915436,0.45787957310676575,0.8168220520019531,-0.077095627784729,0.5398889780044556,0.7328884601593018,-0.08870434015989304,0.6041185259819031,0.6765764355659485,-0.101021908223629,0.42494308948516846,0.59075528383255,-0.05017887428402901,0.4882057309150696,0.4508700370788574,-0.07582207024097443,0.524417519569397,0.3539712131023407,-0.09797654300928116,0.5505993366241455,0.2705402672290802,-0.11844285577535629,0.35787564516067505,0.540358304977417,-0.04964221641421318,0.3963247537612915,0.36864304542541504,-0.07247509807348251,0.4230511486530304,0.26087281107902527,-0.0998905748128891,0.4432922899723053,0.16939184069633484,-0.12406167387962341,0.285284161567688,0.536779522895813,-0.05635017529129982,0.3095040023326874,0.3713388442993164,-0.08948944509029388,0.3317013084888458,0.2587195336818695,-0.12438983470201492,0.35084623098373413,0.15904900431632996,-0.15193168818950653,0.20992068946361542,0.5686439871788025,-0.06818251311779022,0.19793196022510529,0.44003358483314514,-0.1103239580988884,0.19259707629680634,0.34933286905288696,-0.13939285278320312,0.1951683610677719,0.26328709721565247,-0.16018854081630707
hello,0.22185401618480682,0.9042679071426392,5.53612039766449e-07,0.32551175355911255,0.8878531455993652,-0.05781073123216629,0.43116018176078796,0.811988890171051,-0.07612234354019165,0.5114352107048035,0.7592459321022034,-0.08920247852802277,0.5535388588905334,0.6958733201026917,-0.10315719991922379,0.40412279963493347,0.5845125317573547,-0.05506483465433121,0.4598192572593689,0.4477190673351288,-0.09016631543636322,0.4966168999671936,0.36132147908210754,-0.12036575376987457,0.525525689125061,0.29203060269355774,-0.14384624361991882,0.3390883803367615,0.5374069213867188,-0.05648736283183098,0.37890928983688354,0.3741888105869293,-0.0904586985707283,0.4106370806694031,0.26323243975639343,-0.1259375810623169,0.4340498149394989,0.17883533239364624,-0.1543065905570984,0.26793479919433594,0.5338315367698669,-0.06486067920923233,0.29914921522140503,0.39280468225479126,-0.10582180321216583,0.32242900133132935,0.3070608079433441,-0.14089152216911316,0.3415323495864868,0.2434246838092804,-0.16591449081897736,0.1937795728445053,0.5647342205047607,-0.07848253846168518,0.17921356856822968,0.43853694200515747,-0.12508566677570343,0.17029941082000732,0.3473067879676819,-0.1537773758172989,0.17002804577350616,0.26577815413475037,-0.17291879653930664
hello,0.45587223768234253,0.8160330057144165,3.1484265150538704e-07,0.5270169377326965,0.8116752505302429,-0.029737917706370354,0.5927429795265198,0.7697305679321289,-0.03933584317564964,0.6418561339378357,0.7262471914291382,-0.04704231396317482,0.6824760437011719,0.6953766345977783,-0.05535557121038437,0.5765754580497742,0.6322612762451172,-0.022452419623732567,0.6181399822235107,0.5592902898788452,-0.03813725337386131,0.643723726272583,0.5122820734977722,-0.052145544439554214,0.6644784808158875,0.47026050090789795,-0.06454205513000488,0.5439664721488953,0.6027119159698486,-0.024248331785202026,0.5722551941871643,0.5049729347229004,-0.03852029889822006,0.5934971570968628,0.44857972860336304,-0.05540993809700012,0.6113133430480957,0.39968687295913696,-0.06991865485906601,0.5057623386383057,0.5986914038658142,-0.030080292373895645,0.5213049054145813,0.4970480799674988,-0.04963304474949837,0.536628007888794,0.434928297996521,-0.06878134608268738,0.5509289503097534,0.38301384449005127,-0.0833544060587883,0.46522802114486694,0.6160196661949158,-0.038605671375989914,0.46011561155319214,0.5361754298210144,-0.06165989115834236,0.4609641432762146,0.483794629573822,-0.07698898017406464,0.46588242053985596,0.4373408854007721,-0.0877079963684082
hello,0.42663079500198364,0.9381264448165894,5.482445999405172e-07,0.5406859517097473,0.9296677112579346,-0.06352505087852478,0.6485278010368347,0.857186496257782,-0.08519785106182098,0.7316164374351501,0.7883783578872681,-0.10147801786661148,0.8024777173995972,0.7318985462188721,-0.11783941835165024,0.6288816928863525,0.6319320797920227,-0.0485527329146862,0.6967459321022034,0.5047367811203003,-0.07500359416007996,0.7355937361717224,0.42173102498054504,-0.09804358333349228,0.7673280835151672,0.3467620313167572,-0.11945046484470367,0.5680995583534241,0.5854465961456299,-0.04694422706961632,0.6096925139427185,0.4225000739097595,-0.07336004823446274,0.6402112245559692,0.32151439785957336,-0.1026909351348877,0.6668155193328857,0.234340101480484,-0.12793242931365967,0.4999859035015106,0.5821983218193054,-0.05357515811920166,0.5216074585914612,0.42168673872947693,-0.08960762619972229,0.5447673201560974,0.3209313452243805,-0.12478949874639511,0.5686679482460022,0.23132556676864624,-0.15152528882026672,0.43046316504478455,0.613576352596283,-0.06603038311004639,0.4175611138343811,0.49166029691696167,-0.10907908529043198,0.4141145646572113,0.404863178730011,-0.1396263837814331,0.42101597785949707,0.322826087474823,-0.16138793528079987
hello,0.4464719593524933,0.8321747779846191,3.7042821077193366e-07,0.519478976726532,0.8367900848388672,-0.029546741396188736,0.5866807699203491,0.7993942499160767,-0.03920179232954979,0.6382729411125183,0.7582350969314575,-0.04701237007975578,0.682788610458374,0.7346319556236267,-0.05551984906196594,0.580393373966217,0.6629072427749634,-0.01779818907380104,0.6258478760719299,0.595406174659729,-0.030879011377692223,0.6536809802055359,0.5489930510520935,-0.04403680935502052,0.6758946776390076,0.5079559087753296,-0.05648187920451164,0.5493276119232178,0.6301235556602478,-0.019610121846199036,0.5834968686103821,0.5368184447288513,-0.03096747025847435,0.6081555485725403,0.4796562194824219,-0.047777436673641205,0.6279594898223877,0.43091627955436707,-0.06281186640262604,0.5104089379310608,0.6221543550491333,-0.02565089613199234,0.5336211323738098,0.5255868434906006,-0.042515531182289124,0.5520232319831848,0.46365785598754883,-0.0620700903236866,0.56914222240448,0.4111596643924713,-0.07773983478546143,0.46763017773628235,0.635349452495575,-0.03444856032729149,0.4654574394226074,0.5570793747901917,-0.056428954005241394,0.4690587520599365,0.5051389932632446,-0.07247081398963928,0.4770440459251404,0.4594217538833618,-0.08408186584711075
hello,0.15307161211967468,0.894757091999054,2.8054358836016036e-07,0.22156023979187012,0.8698080778121948,-0.029444696381688118,0.28290677070617676,0.8003095388412476,-0.034178417176008224,0.32609421014785767,0.7417197227478027,-0.03525245189666748,0.35914346575737,0.7029088735580444,-0.037077903747558594,0.24064531922340393,0.6822713017463684,-0.02065117284655571,0.26115262508392334,0.5934714078903198,-0.03100678324699402,0.2687569558620453,0.534631609916687,-0.04274735227227211,0.2725757360458374,0.4833087921142578,-0.05397510156035423,0.198674738407135,0.6668785810470581,-0.019095566123723984,0.20627713203430176,0.5646392107009888,-0.02815866470336914,0.21068333089351654,0.5016055703163147,-0.04456968605518341,0.2128535956144333,0.4497113823890686,-0.05948663875460625,0.15814460813999176,0.6759631633758545,-0.020850706845521927,0.15840783715248108,0.5783843398094177,-0.035248350352048874,0.15997615456581116,0.5154417157173157,-0.05477328598499298,0.16094040870666504,0.4620205760002136,-0.07047396153211594,0.11950704455375671,0.7041992545127869,-0.025068877264857292,0.10201577842235565,0.6325520277023315,-0.044831257313489914,0.09103207290172577,0.5819708704948425,-0.05962977558374405,0.08536970615386963,0.5357215404510498,-0.07032161206007004
hello,0.5772273540496826,0.7886687517166138,1.1762055862618581e-07,0.6563813090324402,0.7763607501983643,-0.01777638867497444,0.7244336605072021,0.7270858883857727,-0.020198391750454903,0.7735771536827087,0.6796172261238098,-0.02359136939048767,0.8129971027374268,0.6429729461669922,-0.02749842219054699,0.7060115337371826,0.5827105045318604,-0.0015195010928437114,0.741755485534668,0.5038702487945557,-0.012791099958121777,0.7627599835395813,0.4577910602092743,-0.025221193209290504,0.7825788259506226,0.4164009690284729,-0.03703378140926361,0.6758455038070679,0.5584671497344971,-0.007911383174359798,0.6992993950843811,0.4570215344429016,-0.019058708101511,0.7168291211128235,0.3984498977661133,-0.03504026681184769,0.7341029047966003,0.3484257757663727,-0.04949333518743515,0.640977144241333,0.5564435720443726,-0.018251575529575348,0.654736340045929,0.45462682843208313,-0.033792369067668915,0.6692653894424438,0.39508044719696045,-0.05047217756509781,0.6844793558120728,0.345670610666275,-0.06419947743415833,0.6037420630455017,0.5746205449104309,-0.030986836180090904,0.5932955741882324,0.48959195613861084,-0.05087779834866524,0.5927399396896362,0.4339088797569275,-0.06447194516658783,0.5971788167953491,0.3850718140602112,-0.07449787855148315
hello,0.1373535394668579,0.848275899887085,2.3320544073612837e-07,0.21315084397792816,0.8105650544166565,-0.026639044284820557,0.2722022235393524,0.7245184779167175,-0.027345819398760796,0.3070109188556671,0.648408055305481,-0.025777501985430717,0.334316611289978,0.5954545140266418,-0.024723708629608154,0.22434334456920624,0.6053857803344727,-0.01016185525804758,0.24493268132209778,0.509959876537323,-0.021579721942543983,0.25063639879226685,0.4491272568702698,-0.03424588963389397,0.25325050950050354,0.39597761631011963,-0.0456322617828846,0.17960865795612335,0.5903783440589905,-0.010095124132931232,0.18432852625846863,0.48111629486083984,-0.020422326400876045,0.18580588698387146,0.4143558740615845,-0.037635236978530884,0.18656626343727112,0.35767731070518494,-0.05221462994813919,0.13661330938339233,0.6011531949043274,-0.014056581072509289,0.13335111737251282,0.49778857827186584,-0.029561592265963554,0.13319730758666992,0.433893084526062,-0.04861064627766609,0.13435064256191254,0.37738174200057983,-0.0631987527012825,0.09483969211578369,0.6333075761795044,-0.020575113594532013,0.07711735367774963,0.5588641166687012,-0.04016515985131264,0.06596118211746216,0.5081014037132263,-0.05361880362033844,0.060156017541885376,0.45989489555358887,-0.06290154904127121
hello,0.140041783452034,0.8198973536491394,2.868354727070255e-07,0.21398146450519562,0.7993299961090088,-0.02865707501769066,0.27574655413627625,0.7294020652770996,-0.03170839324593544,0.31402653455734253,0.6582196354866028,-0.03118576854467392,0.34226158261299133,0.6077953577041626,-0.031614478677511215,0.23375406861305237,0.6096240282058716,-0.019080117344856262,0.2583010196685791,0.516270637512207,-0.02989274635910988,0.26766717433929443,0.45363128185272217,-0.04157704859972,0.27250394225120544,0.3994251787662506,-0.052437592297792435,0.1891697496175766,0.593462347984314,-0.017465701326727867,0.19872480630874634,0.4847775101661682,-0.028121018782258034,0.20322726666927338,0.41712790727615356,-0.04562285169959068,0.20527350902557373,0.36316993832588196,-0.06073877587914467,0.14632539451122284,0.6011382341384888,-0.01896527037024498,0.1487034261226654,0.49674931168556213,-0.03575487807393074,0.14958304166793823,0.4288751482963562,-0.055626701563596725,0.1497250199317932,0.3732668161392212,-0.07049210369586945,0.104770228266716,0.627457857131958,-0.02262132056057453,0.09044009447097778,0.5474430918693542,-0.044677477329969406,0.07986916601657867,0.4915844798088074,-0.05983133614063263,0.07482340931892395,0.4420053958892822,-0.06977595388889313
hello,0.20671716332435608,0.6888514161109924,3.410344504573004e-07,0.2819140553474426,0.6793910264968872,-0.034430354833602905,0.3545718789100647,0.6123321056365967,-0.03980269283056259,0.4060018062591553,0.547167956829071,-0.04060651361942291,0.44330862164497375,0.49867087602615356,-0.04206090420484543,0.32528191804885864,0.4840359687805176,-0.02459700219333172,0.36281439661979675,0.39339643716812134,-0.03694261610507965,0.38183802366256714,0.33182990550994873,-0.04959321767091751,0.39468592405319214,0.2774539589881897,-0.06138905510306358,0.2824123799800873,0.4565718173980713,-0.021637555211782455,0.3067196011543274,0.34553709626197815,-0.03321022540330887,0.32216060161590576,0.27523499727249146,-0.05107070133090019,0.33243119716644287,0.21732881665229797,-0.06667356193065643,0.23789043724536896,0.45359957218170166,-0.022598201408982277,0.25387075543403625,0.34572216868400574,-0.04049434885382652,0.2654210925102234,0.2761412262916565,-0.06183823198080063,0.27447476983070374,0.21682876348495483,-0.07803119719028473,0.19268855452537537,0.47232896089553833,-0.026280198246240616,0.18658946454524994,0.38754186034202576,-0.049696438014507294,0.18298953771591187,0.3294839859008789,-0.0663970485329628,0.18437924981117249,0.27723270654678345,-0.07780395448207855
hello,0.21861043572425842,0.6530929803848267,4.618074456175236e-07,0.2928192615509033,0.6414775252342224,-0.03722628951072693,0.3616800606250763,0.571561872959137,-0.04340201988816261,0.4098471999168396,0.5057118535041809,-0.04513983801007271,0.44671857357025146,0.456775963306427,-0.04648017883300781,0.33988040685653687,0.43671008944511414,-0.01796095073223114,0.3783882260322571,0.34912657737731934,-0.028272069990634918,0.39926204085350037,0.2884933352470398,-0.04068310186266899,0.4136762022972107,0.2333393394947052,-0.05294884368777275,0.2980419993400574,0.4070124924182892,-0.014489593915641308,0.32361191511154175,0.2967228293418884,-0.024565165862441063,0.34138286113739014,0.22621749341487885,-0.04282772168517113,0.3531336188316345,0.16781142354011536,-0.05845588445663452,0.25372302532196045,0.4035385549068451,-0.015873199328780174,0.271397203207016,0.2948356568813324,-0.03310450538992882,0.2843904197216034,0.2273709774017334,-0.05518929660320282,0.2945345342159271,0.16882827877998352,-0.07156607508659363,0.20661461353302002,0.42294788360595703,-0.02054215595126152,0.2040843814611435,0.33976489305496216,-0.04368070885539055,0.20203951001167297,0.2827770411968231,-0.0609903559088707,0.204392209649086,0.22993549704551697,-0.0727507695555687
